symbol,close,eob
SHSE.000852,5035.168,2014-02-20 00:00:00+08:00
SHSE.000852,5030.7798,2014-02-21 00:00:00+08:00
SHSE.000852,5064.4878,2014-02-24 00:00:00+08:00
SHSE.000852,4849.3721,2014-02-25 00:00:00+08:00
SHSE.000852,4881.7271,2014-02-26 00:00:00+08:00
SHSE.000852,4795.5508,2014-02-27 00:00:00+08:00
SHSE.000852,4842.5239,2014-02-28 00:00:00+08:00
SHSE.000852,4954.1738,2014-03-03 00:00:00+08:00
SHSE.000852,4961.9438,2014-03-04 00:00:00+08:00
SHSE.000852,4963.6621,2014-03-05 00:00:00+08:00
SHSE.000852,4962.395,2014-03-06 00:00:00+08:00
SHSE.000852,4949.835,2014-03-07 00:00:00+08:00
SHSE.000852,4760.6719,2014-03-10 00:00:00+08:00
SHSE.000852,4746.7329,2014-03-11 00:00:00+08:00
SHSE.000852,4726.8628,2014-03-12 00:00:00+08:00
SHSE.000852,4794.0039,2014-03-13 00:00:00+08:00
SHSE.000852,4785.0439,2014-03-14 00:00:00+08:00
SHSE.000852,4903.1328,2014-03-17 00:00:00+08:00
SHSE.000852,4934.4189,2014-03-18 00:00:00+08:00
SHSE.000852,4937.728,2014-03-19 00:00:00+08:00
SHSE.000852,4798.3979,2014-03-20 00:00:00+08:00
SHSE.000852,4870.0132,2014-03-21 00:00:00+08:00
SHSE.000852,4876.4712,2014-03-24 00:00:00+08:00
SHSE.000852,4876.2891,2014-03-25 00:00:00+08:00
SHSE.000852,4903.916,2014-03-26 00:00:00+08:00
SHSE.000852,4804.207,2014-03-27 00:00:00+08:00
SHSE.000852,4671.7881,2014-03-28 00:00:00+08:00
SHSE.000852,4633.27,2014-03-31 00:00:00+08:00
SHSE.000852,4714.9482,2014-04-01 00:00:00+08:00
SHSE.000852,4683.7832,2014-04-02 00:00:00+08:00
SHSE.000852,4686.9521,2014-04-03 00:00:00+08:00
SHSE.000852,4743.6821,2014-04-04 00:00:00+08:00
SHSE.000852,4774.5308,2014-04-08 00:00:00+08:00
SHSE.000852,4830.5361,2014-04-09 00:00:00+08:00
SHSE.000852,4849.6572,2014-04-10 00:00:00+08:00
SHSE.000852,4822.7119,2014-04-11 00:00:00+08:00
SHSE.000852,4858.1572,2014-04-14 00:00:00+08:00
SHSE.000852,4838.6519,2014-04-15 00:00:00+08:00
SHSE.000852,4847.6372,2014-04-16 00:00:00+08:00
SHSE.000852,4847.6821,2014-04-17 00:00:00+08:00
SHSE.000852,4870.3091,2014-04-18 00:00:00+08:00
SHSE.000852,4794.877,2014-04-21 00:00:00+08:00
SHSE.000852,4748.0122,2014-04-22 00:00:00+08:00
SHSE.000852,4730.8262,2014-04-23 00:00:00+08:00
SHSE.000852,4682.8271,2014-04-24 00:00:00+08:00
SHSE.000852,4582.6318,2014-04-25 00:00:00+08:00
SHSE.000852,4424.4111,2014-04-28 00:00:00+08:00
SHSE.000852,4479.2588,2014-04-29 00:00:00+08:00
SHSE.000852,4525.3062,2014-04-30 00:00:00+08:00
SHSE.000852,4577.4072,2014-05-05 00:00:00+08:00
SHSE.000852,4612.1489,2014-05-06 00:00:00+08:00
SHSE.000852,4533.0142,2014-05-07 00:00:00+08:00
SHSE.000852,4532.2642,2014-05-08 00:00:00+08:00
SHSE.000852,4481.835,2014-05-09 00:00:00+08:00
SHSE.000852,4576.4219,2014-05-12 00:00:00+08:00
SHSE.000852,4574.8042,2014-05-13 00:00:00+08:00
SHSE.000852,4577.6812,2014-05-14 00:00:00+08:00
SHSE.000852,4491.752,2014-05-15 00:00:00+08:00
SHSE.000852,4472.1689,2014-05-16 00:00:00+08:00
SHSE.000852,4458.3789,2014-05-19 00:00:00+08:00
SHSE.000852,4480.0278,2014-05-20 00:00:00+08:00
SHSE.000852,4518.6572,2014-05-21 00:00:00+08:00
SHSE.000852,4527.5981,2014-05-22 00:00:00+08:00
SHSE.000852,4582.458,2014-05-23 00:00:00+08:00
SHSE.000852,4645.0039,2014-05-26 00:00:00+08:00
SHSE.000852,4624.3398,2014-05-27 00:00:00+08:00
SHSE.000852,4690.6191,2014-05-28 00:00:00+08:00
SHSE.000852,4635.0068,2014-05-29 00:00:00+08:00
SHSE.000852,4648.2329,2014-05-30 00:00:00+08:00
SHSE.000852,4640.2422,2014-06-03 00:00:00+08:00
SHSE.000852,4610.7241,2014-06-04 00:00:00+08:00
SHSE.000852,4671.333,2014-06-05 00:00:00+08:00
SHSE.000852,4662.311,2014-06-06 00:00:00+08:00
SHSE.000852,4627.4268,2014-06-09 00:00:00+08:00
SHSE.000852,4686.0869,2014-06-10 00:00:00+08:00
SHSE.000852,4717.9419,2014-06-11 00:00:00+08:00
SHSE.000852,4712.043,2014-06-12 00:00:00+08:00
SHSE.000852,4766.5181,2014-06-13 00:00:00+08:00
SHSE.000852,4800.5991,2014-06-16 00:00:00+08:00
SHSE.000852,4757.4839,2014-06-17 00:00:00+08:00
SHSE.000852,4721.7031,2014-06-18 00:00:00+08:00
SHSE.000852,4581.9072,2014-06-19 00:00:00+08:00
SHSE.000852,4635.064,2014-06-20 00:00:00+08:00
SHSE.000852,4697.417,2014-06-23 00:00:00+08:00
SHSE.000852,4733.7559,2014-06-24 00:00:00+08:00
SHSE.000852,4715.8481,2014-06-25 00:00:00+08:00
SHSE.000852,4793.3608,2014-06-26 00:00:00+08:00
SHSE.000852,4829.479,2014-06-27 00:00:00+08:00
SHSE.000852,4884.397,2014-06-30 00:00:00+08:00
SHSE.000852,4915.7402,2014-07-01 00:00:00+08:00
SHSE.000852,4945.5308,2014-07-02 00:00:00+08:00
SHSE.000852,4980.7148,2014-07-03 00:00:00+08:00
SHSE.000852,4977.585,2014-07-04 00:00:00+08:00
SHSE.000852,4970.8682,2014-07-07 00:00:00+08:00
SHSE.000852,5014.8569,2014-07-08 00:00:00+08:00
SHSE.000852,4937.3208,2014-07-09 00:00:00+08:00
SHSE.000852,4935.6909,2014-07-10 00:00:00+08:00
SHSE.000852,4966.1758,2014-07-11 00:00:00+08:00
SHSE.000852,5025.2402,2014-07-14 00:00:00+08:00
SHSE.000852,4992.8311,2014-07-15 00:00:00+08:00
SHSE.000852,4925.4609,2014-07-16 00:00:00+08:00
SHSE.000852,4907.894,2014-07-17 00:00:00+08:00
SHSE.000852,4910.7661,2014-07-18 00:00:00+08:00
SHSE.000852,4898.25,2014-07-21 00:00:00+08:00
SHSE.000852,4966.7881,2014-07-22 00:00:00+08:00
SHSE.000852,4897.562,2014-07-23 00:00:00+08:00
SHSE.000852,4859.6182,2014-07-24 00:00:00+08:00
SHSE.000852,4899.7271,2014-07-25 00:00:00+08:00
SHSE.000852,4984.2769,2014-07-28 00:00:00+08:00
SHSE.000852,5046.4072,2014-07-29 00:00:00+08:00
SHSE.000852,5088.647,2014-07-30 00:00:00+08:00
SHSE.000852,5115.5781,2014-07-31 00:00:00+08:00
SHSE.000852,5056.042,2014-08-01 00:00:00+08:00
SHSE.000852,5121.7251,2014-08-04 00:00:00+08:00
SHSE.000852,5170.1572,2014-08-05 00:00:00+08:00
SHSE.000852,5192.3101,2014-08-06 00:00:00+08:00
SHSE.000852,5158.5029,2014-08-07 00:00:00+08:00
SHSE.000852,5206.2031,2014-08-08 00:00:00+08:00
SHSE.000852,5285.6748,2014-08-11 00:00:00+08:00
SHSE.000852,5322.3042,2014-08-12 00:00:00+08:00
SHSE.000852,5320.8462,2014-08-13 00:00:00+08:00
SHSE.000852,5302.98,2014-08-14 00:00:00+08:00
SHSE.000852,5359.729,2014-08-15 00:00:00+08:00
SHSE.000852,5449.2739,2014-08-18 00:00:00+08:00
SHSE.000852,5473.3989,2014-08-19 00:00:00+08:00
SHSE.000852,5461.5898,2014-08-20 00:00:00+08:00
SHSE.000852,5477.3428,2014-08-21 00:00:00+08:00
SHSE.000852,5524.3711,2014-08-22 00:00:00+08:00
SHSE.000852,5485.0781,2014-08-25 00:00:00+08:00
SHSE.000852,5376.8521,2014-08-26 00:00:00+08:00
SHSE.000852,5406.561,2014-08-27 00:00:00+08:00
SHSE.000852,5359.5591,2014-08-28 00:00:00+08:00
SHSE.000852,5421.2861,2014-08-29 00:00:00+08:00
SHSE.000852,5522.7759,2014-09-01 00:00:00+08:00
SHSE.000852,5604.6602,2014-09-02 00:00:00+08:00
SHSE.000852,5648.7241,2014-09-03 00:00:00+08:00
SHSE.000852,5704.2769,2014-09-04 00:00:00+08:00
SHSE.000852,5722.8232,2014-09-05 00:00:00+08:00
SHSE.000852,5757.8711,2014-09-09 00:00:00+08:00
SHSE.000852,5797.4492,2014-09-10 00:00:00+08:00
SHSE.000852,5790.1011,2014-09-11 00:00:00+08:00
SHSE.000852,5862.1709,2014-09-12 00:00:00+08:00
SHSE.000852,5922.2729,2014-09-15 00:00:00+08:00
SHSE.000852,5717.8418,2014-09-16 00:00:00+08:00
SHSE.000852,5757.9932,2014-09-17 00:00:00+08:00
SHSE.000852,5803.7222,2014-09-18 00:00:00+08:00
SHSE.000852,5870.0942,2014-09-19 00:00:00+08:00
SHSE.000852,5820.6831,2014-09-22 00:00:00+08:00
SHSE.000852,5905.165,2014-09-23 00:00:00+08:00
SHSE.000852,5984.145,2014-09-24 00:00:00+08:00
SHSE.000852,5989.877,2014-09-25 00:00:00+08:00
SHSE.000852,6015.4502,2014-09-26 00:00:00+08:00
SHSE.000852,6080.0972,2014-09-29 00:00:00+08:00
SHSE.000852,6127.1338,2014-09-30 00:00:00+08:00
SHSE.000852,6214.9702,2014-10-08 00:00:00+08:00
SHSE.000852,6238.2622,2014-10-09 00:00:00+08:00
SHSE.000852,6216.978,2014-10-10 00:00:00+08:00
SHSE.000852,6216.6689,2014-10-13 00:00:00+08:00
SHSE.000852,6203.9971,2014-10-14 00:00:00+08:00
SHSE.000852,6222.7949,2014-10-15 00:00:00+08:00
SHSE.000852,6134.7402,2014-10-16 00:00:00+08:00
SHSE.000852,6058.668,2014-10-17 00:00:00+08:00
SHSE.000852,6154.52,2014-10-20 00:00:00+08:00
SHSE.000852,6103.0078,2014-10-21 00:00:00+08:00
SHSE.000852,6027.5098,2014-10-22 00:00:00+08:00
SHSE.000852,5930.4829,2014-10-23 00:00:00+08:00
SHSE.000852,5941.9258,2014-10-24 00:00:00+08:00
SHSE.000852,6006.8379,2014-10-27 00:00:00+08:00
SHSE.000852,6163.6719,2014-10-28 00:00:00+08:00
SHSE.000852,6246.6992,2014-10-29 00:00:00+08:00
SHSE.000852,6241.5879,2014-10-30 00:00:00+08:00
SHSE.000852,6208.6099,2014-10-31 00:00:00+08:00
SHSE.000852,6275.9932,2014-11-03 00:00:00+08:00
SHSE.000852,6231.8159,2014-11-04 00:00:00+08:00
SHSE.000852,6227.2451,2014-11-05 00:00:00+08:00
SHSE.000852,6289.1919,2014-11-06 00:00:00+08:00
SHSE.000852,6228.167,2014-11-07 00:00:00+08:00
SHSE.000852,6246.6118,2014-11-10 00:00:00+08:00
SHSE.000852,6023.0039,2014-11-11 00:00:00+08:00
SHSE.000852,6120.0581,2014-11-12 00:00:00+08:00
SHSE.000852,6023.7822,2014-11-13 00:00:00+08:00
SHSE.000852,6009.4458,2014-11-14 00:00:00+08:00
SHSE.000852,6100.833,2014-11-17 00:00:00+08:00
SHSE.000852,6139.522,2014-11-18 00:00:00+08:00
SHSE.000852,6193.562,2014-11-19 00:00:00+08:00
SHSE.000852,6185.9189,2014-11-20 00:00:00+08:00
SHSE.000852,6240.7739,2014-11-21 00:00:00+08:00
SHSE.000852,6293.0229,2014-11-24 00:00:00+08:00
SHSE.000852,6392.4419,2014-11-25 00:00:00+08:00
SHSE.000852,6435.1401,2014-11-26 00:00:00+08:00
SHSE.000852,6472.5869,2014-11-27 00:00:00+08:00
SHSE.000852,6478.1079,2014-11-28 00:00:00+08:00
SHSE.000852,6392.4639,2014-12-01 00:00:00+08:00
SHSE.000852,6457.5562,2014-12-02 00:00:00+08:00
SHSE.000852,6513.957,2014-12-03 00:00:00+08:00
SHSE.000852,6605.3218,2014-12-04 00:00:00+08:00
SHSE.000852,6462.0889,2014-12-05 00:00:00+08:00
SHSE.000852,6457.5112,2014-12-08 00:00:00+08:00
SHSE.000852,6161.3672,2014-12-09 00:00:00+08:00
SHSE.000852,6366.8101,2014-12-10 00:00:00+08:00
SHSE.000852,6463.3159,2014-12-11 00:00:00+08:00
SHSE.000852,6545.1899,2014-12-12 00:00:00+08:00
SHSE.000852,6658.145,2014-12-15 00:00:00+08:00
SHSE.000852,6635.2549,2014-12-16 00:00:00+08:00
SHSE.000852,6551.1191,2014-12-17 00:00:00+08:00
SHSE.000852,6540.8809,2014-12-18 00:00:00+08:00
SHSE.000852,6438.042,2014-12-19 00:00:00+08:00
SHSE.000852,6120.582,2014-12-22 00:00:00+08:00
SHSE.000852,6023.3662,2014-12-23 00:00:00+08:00
SHSE.000852,6154.8779,2014-12-24 00:00:00+08:00
SHSE.000852,6222.5059,2014-12-25 00:00:00+08:00
SHSE.000852,6233.936,2014-12-26 00:00:00+08:00
SHSE.000852,6098.979,2014-12-29 00:00:00+08:00
SHSE.000852,5982.6362,2014-12-30 00:00:00+08:00
SHSE.000852,6027.52,2014-12-31 00:00:00+08:00
SHSE.000852,6049.7871,2015-01-05 00:00:00+08:00
SHSE.000852,6172.3921,2015-01-06 00:00:00+08:00
SHSE.000852,6166.769,2015-01-07 00:00:00+08:00
SHSE.000852,6164.1108,2015-01-08 00:00:00+08:00
SHSE.000852,6128.0122,2015-01-09 00:00:00+08:00
SHSE.000852,6062.2832,2015-01-12 00:00:00+08:00
SHSE.000852,6167.1172,2015-01-13 00:00:00+08:00
SHSE.000852,6139.29,2015-01-14 00:00:00+08:00
SHSE.000852,6168.6582,2015-01-15 00:00:00+08:00
SHSE.000852,6252.0752,2015-01-16 00:00:00+08:00
SHSE.000852,6109.2852,2015-01-19 00:00:00+08:00
SHSE.000852,6336.6309,2015-01-20 00:00:00+08:00
SHSE.000852,6465.7329,2015-01-21 00:00:00+08:00
SHSE.000852,6568.6362,2015-01-22 00:00:00+08:00
SHSE.000852,6502.0669,2015-01-23 00:00:00+08:00
SHSE.000852,6642.6118,2015-01-26 00:00:00+08:00
SHSE.000852,6693.8062,2015-01-27 00:00:00+08:00
SHSE.000852,6666.2642,2015-01-28 00:00:00+08:00
SHSE.000852,6625.0049,2015-01-29 00:00:00+08:00
SHSE.000852,6546.5972,2015-01-30 00:00:00+08:00
SHSE.000852,6535.9028,2015-02-02 00:00:00+08:00
SHSE.000852,6654.5488,2015-02-03 00:00:00+08:00
SHSE.000852,6653.3379,2015-02-04 00:00:00+08:00
SHSE.000852,6654.082,2015-02-05 00:00:00+08:00
SHSE.000852,6526.9492,2015-02-06 00:00:00+08:00
SHSE.000852,6474.8169,2015-02-09 00:00:00+08:00
SHSE.000852,6555.8179,2015-02-10 00:00:00+08:00
SHSE.000852,6645.5098,2015-02-11 00:00:00+08:00
SHSE.000852,6703.8149,2015-02-12 00:00:00+08:00
SHSE.000852,6815.8481,2015-02-13 00:00:00+08:00
SHSE.000852,6965.3008,2015-02-16 00:00:00+08:00
SHSE.000852,7020.0532,2015-02-17 00:00:00+08:00
SHSE.000852,7004.665,2015-02-25 00:00:00+08:00
SHSE.000852,7045.2681,2015-02-26 00:00:00+08:00
SHSE.000852,7141.8882,2015-02-27 00:00:00+08:00
SHSE.000852,7317.6768,2015-03-02 00:00:00+08:00
SHSE.000852,7282.1079,2015-03-03 00:00:00+08:00
SHSE.000852,7411.0342,2015-03-04 00:00:00+08:00
SHSE.000852,7450.9058,2015-03-05 00:00:00+08:00
SHSE.000852,7338.4038,2015-03-06 00:00:00+08:00
SHSE.000852,7450.8159,2015-03-09 00:00:00+08:00
SHSE.000852,7566.481,2015-03-10 00:00:00+08:00
SHSE.000852,7566.312,2015-03-11 00:00:00+08:00
SHSE.000852,7514.4448,2015-03-12 00:00:00+08:00
SHSE.000852,7649.3452,2015-03-13 00:00:00+08:00
SHSE.000852,7903.3628,2015-03-16 00:00:00+08:00
SHSE.000852,7993.2432,2015-03-17 00:00:00+08:00
SHSE.000852,8150.9512,2015-03-18 00:00:00+08:00
SHSE.000852,8216.624,2015-03-19 00:00:00+08:00
SHSE.000852,8318.8291,2015-03-20 00:00:00+08:00
SHSE.000852,8560.4414,2015-03-23 00:00:00+08:00
SHSE.000852,8655.3799,2015-03-24 00:00:00+08:00
SHSE.000852,8784.9092,2015-03-25 00:00:00+08:00
SHSE.000852,8611.8643,2015-03-26 00:00:00+08:00
SHSE.000852,8710.291,2015-03-27 00:00:00+08:00
SHSE.000852,8719.2197,2015-03-30 00:00:00+08:00
SHSE.000852,8780.7393,2015-03-31 00:00:00+08:00
SHSE.000852,9008.2012,2015-04-01 00:00:00+08:00
SHSE.000852,9238.0527,2015-04-02 00:00:00+08:00
SHSE.000852,9419.2012,2015-04-03 00:00:00+08:00
SHSE.000852,9600.7217,2015-04-07 00:00:00+08:00
SHSE.000852,9455.5898,2015-04-08 00:00:00+08:00
SHSE.000852,9369.6572,2015-04-09 00:00:00+08:00
SHSE.000852,9600.4014,2015-04-10 00:00:00+08:00
SHSE.000852,9813.5957,2015-04-13 00:00:00+08:00
SHSE.000852,9830.0615,2015-04-14 00:00:00+08:00
SHSE.000852,9441.1924,2015-04-15 00:00:00+08:00
SHSE.000852,9541.7656,2015-04-16 00:00:00+08:00
SHSE.000852,9567.6953,2015-04-17 00:00:00+08:00
SHSE.000852,9353.6123,2015-04-20 00:00:00+08:00
SHSE.000852,9716.3486,2015-04-21 00:00:00+08:00
SHSE.000852,9995.2617,2015-04-22 00:00:00+08:00
SHSE.000852,10105.2695,2015-04-23 00:00:00+08:00
SHSE.000852,10123.9102,2015-04-24 00:00:00+08:00
SHSE.000852,10174.9004,2015-04-27 00:00:00+08:00
SHSE.000852,9847.8926,2015-04-28 00:00:00+08:00
SHSE.000852,10107.4004,2015-04-29 00:00:00+08:00
SHSE.000852,10180.4902,2015-04-30 00:00:00+08:00
SHSE.000852,10270.1299,2015-05-04 00:00:00+08:00
SHSE.000852,10007.2695,2015-05-05 00:00:00+08:00
SHSE.000852,9973.9912,2015-05-06 00:00:00+08:00
SHSE.000852,9806.5078,2015-05-07 00:00:00+08:00
SHSE.000852,10274.3799,2015-05-08 00:00:00+08:00
SHSE.000852,10771.6201,2015-05-11 00:00:00+08:00
SHSE.000852,11051.4297,2015-05-12 00:00:00+08:00
SHSE.000852,11137.2998,2015-05-13 00:00:00+08:00
SHSE.000852,11211.0996,2015-05-14 00:00:00+08:00
SHSE.000852,11217.9297,2015-05-15 00:00:00+08:00
SHSE.000852,11542.2803,2015-05-18 00:00:00+08:00
SHSE.000852,11831.3604,2015-05-19 00:00:00+08:00
SHSE.000852,12132.3701,2015-05-20 00:00:00+08:00
SHSE.000852,12586.0498,2015-05-21 00:00:00+08:00
SHSE.000852,12687.29,2015-05-22 00:00:00+08:00
SHSE.000852,12877.8701,2015-05-25 00:00:00+08:00
SHSE.000852,13401.3096,2015-05-26 00:00:00+08:00
SHSE.000852,13582.5498,2015-05-27 00:00:00+08:00
SHSE.000852,12818.9902,2015-05-28 00:00:00+08:00
SHSE.000852,13027.21,2015-05-29 00:00:00+08:00
SHSE.000852,13691.1699,2015-06-01 00:00:00+08:00
SHSE.000852,14276.3203,2015-06-02 00:00:00+08:00
SHSE.000852,14356.5996,2015-06-03 00:00:00+08:00
SHSE.000852,14308.6504,2015-06-04 00:00:00+08:00
SHSE.000852,14465.75,2015-06-05 00:00:00+08:00
SHSE.000852,14099.7305,2015-06-08 00:00:00+08:00
SHSE.000852,14106.2295,2015-06-09 00:00:00+08:00
SHSE.000852,14461.8096,2015-06-10 00:00:00+08:00
SHSE.000852,14768.8799,2015-06-11 00:00:00+08:00
SHSE.000852,15006.3398,2015-06-12 00:00:00+08:00
SHSE.000852,14707.7803,2015-06-15 00:00:00+08:00
SHSE.000852,14102.2197,2015-06-16 00:00:00+08:00
SHSE.000852,14407.3096,2015-06-17 00:00:00+08:00
SHSE.000852,13934.21,2015-06-18 00:00:00+08:00
SHSE.000852,13024.7197,2015-06-19 00:00:00+08:00
SHSE.000852,13047.0195,2015-06-23 00:00:00+08:00
SHSE.000852,13313.79,2015-06-24 00:00:00+08:00
SHSE.000852,12760.4805,2015-06-25 00:00:00+08:00
SHSE.000852,11730.75,2015-06-26 00:00:00+08:00
SHSE.000852,10906.04,2015-06-29 00:00:00+08:00
SHSE.000852,11381.4697,2015-06-30 00:00:00+08:00
SHSE.000852,10734.0098,2015-07-01 00:00:00+08:00
SHSE.000852,10002.3604,2015-07-02 00:00:00+08:00
SHSE.000852,9358.7324,2015-07-03 00:00:00+08:00
SHSE.000852,8858.9121,2015-07-06 00:00:00+08:00
SHSE.000852,8356.126,2015-07-07 00:00:00+08:00
SHSE.000852,8114.604,2015-07-08 00:00:00+08:00
SHSE.000852,8348.875,2015-07-09 00:00:00+08:00
SHSE.000852,8620.2725,2015-07-10 00:00:00+08:00
SHSE.000852,9032.5557,2015-07-13 00:00:00+08:00
SHSE.000852,9338.1689,2015-07-14 00:00:00+08:00
SHSE.000852,8942.9053,2015-07-15 00:00:00+08:00
SHSE.000852,9041.2285,2015-07-16 00:00:00+08:00
SHSE.000852,9541.2588,2015-07-17 00:00:00+08:00
SHSE.000852,9839.917,2015-07-20 00:00:00+08:00
SHSE.000852,10062.8896,2015-07-21 00:00:00+08:00
SHSE.000852,10228.8604,2015-07-22 00:00:00+08:00
SHSE.000852,10553.2197,2015-07-23 00:00:00+08:00
SHSE.000852,10449.75,2015-07-24 00:00:00+08:00
SHSE.000852,9719.5508,2015-07-27 00:00:00+08:00
SHSE.000852,9284.541,2015-07-28 00:00:00+08:00
SHSE.000852,9727.2324,2015-07-29 00:00:00+08:00
SHSE.000852,9460.7285,2015-07-30 00:00:00+08:00
SHSE.000852,9223.6357,2015-07-31 00:00:00+08:00
SHSE.000852,8723.5938,2015-08-03 00:00:00+08:00
SHSE.000852,9265.2207,2015-08-04 00:00:00+08:00
SHSE.000852,9240.8848,2015-08-05 00:00:00+08:00
SHSE.000852,9229.3486,2015-08-06 00:00:00+08:00
SHSE.000852,9585.1357,2015-08-07 00:00:00+08:00
SHSE.000852,10077.9404,2015-08-10 00:00:00+08:00
SHSE.000852,10153.71,2015-08-11 00:00:00+08:00
SHSE.000852,10005.9297,2015-08-12 00:00:00+08:00
SHSE.000852,10308.79,2015-08-13 00:00:00+08:00
SHSE.000852,10377.9805,2015-08-14 00:00:00+08:00
SHSE.000852,10563.1299,2015-08-17 00:00:00+08:00
SHSE.000852,9806.7012,2015-08-18 00:00:00+08:00
SHSE.000852,10057.8398,2015-08-19 00:00:00+08:00
SHSE.000852,9739.916,2015-08-20 00:00:00+08:00
SHSE.000852,9208.1543,2015-08-21 00:00:00+08:00
SHSE.000852,8506.7236,2015-08-24 00:00:00+08:00
SHSE.000852,7882.1118,2015-08-25 00:00:00+08:00
SHSE.000852,7543.7842,2015-08-26 00:00:00+08:00
SHSE.000852,7793.5391,2015-08-27 00:00:00+08:00
SHSE.000852,8270.959,2015-08-28 00:00:00+08:00
SHSE.000852,7950.459,2015-08-31 00:00:00+08:00
SHSE.000852,7441.3379,2015-09-01 00:00:00+08:00
SHSE.000852,7129.9702,2015-09-02 00:00:00+08:00
SHSE.000852,7291.4678,2015-09-07 00:00:00+08:00
SHSE.000852,7651.5,2015-09-08 00:00:00+08:00
SHSE.000852,7956.729,2015-09-09 00:00:00+08:00
SHSE.000852,7842.999,2015-09-10 00:00:00+08:00
SHSE.000852,7952.1362,2015-09-11 00:00:00+08:00
SHSE.000852,7412.3018,2015-09-14 00:00:00+08:00
SHSE.000852,7034.8999,2015-09-15 00:00:00+08:00
SHSE.000852,7500.6099,2015-09-16 00:00:00+08:00
SHSE.000852,7428.6372,2015-09-17 00:00:00+08:00
SHSE.000852,7556.2031,2015-09-18 00:00:00+08:00
SHSE.000852,7847.8848,2015-09-21 00:00:00+08:00
SHSE.000852,7880.8359,2015-09-22 00:00:00+08:00
SHSE.000852,7824.0659,2015-09-23 00:00:00+08:00
SHSE.000852,7928.8252,2015-09-24 00:00:00+08:00
SHSE.000852,7640.1729,2015-09-25 00:00:00+08:00
SHSE.000852,7839.6182,2015-09-28 00:00:00+08:00
SHSE.000852,7720.6768,2015-09-29 00:00:00+08:00
SHSE.000852,7727.5088,2015-09-30 00:00:00+08:00
SHSE.000852,8056.2788,2015-10-08 00:00:00+08:00
SHSE.000852,8180.397,2015-10-09 00:00:00+08:00
SHSE.000852,8522.6289,2015-10-12 00:00:00+08:00
SHSE.000852,8651.0518,2015-10-13 00:00:00+08:00
SHSE.000852,8534.7256,2015-10-14 00:00:00+08:00
SHSE.000852,8808.4648,2015-10-15 00:00:00+08:00
SHSE.000852,8943.0176,2015-10-16 00:00:00+08:00
SHSE.000852,8935.3906,2015-10-19 00:00:00+08:00
SHSE.000852,9116.5391,2015-10-20 00:00:00+08:00
SHSE.000852,8541.6074,2015-10-21 00:00:00+08:00
SHSE.000852,8894.7568,2015-10-22 00:00:00+08:00
SHSE.000852,9182.5527,2015-10-23 00:00:00+08:00
SHSE.000852,9262.8896,2015-10-26 00:00:00+08:00
SHSE.000852,9345.9658,2015-10-27 00:00:00+08:00
SHSE.000852,9131.8701,2015-10-28 00:00:00+08:00
SHSE.000852,9214.5879,2015-10-29 00:00:00+08:00
SHSE.000852,9188.2656,2015-10-30 00:00:00+08:00
SHSE.000852,8944.6826,2015-11-02 00:00:00+08:00
SHSE.000852,8924.415,2015-11-03 00:00:00+08:00
SHSE.000852,9396.8418,2015-11-04 00:00:00+08:00
SHSE.000852,9391.4463,2015-11-05 00:00:00+08:00
SHSE.000852,9629.2803,2015-11-06 00:00:00+08:00
SHSE.000852,9816.0342,2015-11-09 00:00:00+08:00
SHSE.000852,9911.2402,2015-11-10 00:00:00+08:00
SHSE.000852,10100.5098,2015-11-11 00:00:00+08:00
SHSE.000852,10135.0801,2015-11-12 00:00:00+08:00
SHSE.000852,9934.7686,2015-11-13 00:00:00+08:00
SHSE.000852,10194.7803,2015-11-16 00:00:00+08:00
SHSE.000852,10109.4004,2015-11-17 00:00:00+08:00
SHSE.000852,9928.6631,2015-11-18 00:00:00+08:00
SHSE.000852,10235.3496,2015-11-19 00:00:00+08:00
SHSE.000852,10440.3496,2015-11-20 00:00:00+08:00
SHSE.000852,10341.4492,2015-11-23 00:00:00+08:00
SHSE.000852,10459.5996,2015-11-24 00:00:00+08:00
SHSE.000852,10696.3096,2015-11-25 00:00:00+08:00
SHSE.000852,10620.8301,2015-11-26 00:00:00+08:00
SHSE.000852,9933.4961,2015-11-27 00:00:00+08:00
SHSE.000852,10001.1904,2015-11-30 00:00:00+08:00
SHSE.000852,9955.2051,2015-12-01 00:00:00+08:00
SHSE.000852,9822.0547,2015-12-02 00:00:00+08:00
SHSE.000852,10102.8896,2015-12-03 00:00:00+08:00
SHSE.000852,10081.5703,2015-12-04 00:00:00+08:00
SHSE.000852,10238.0195,2015-12-07 00:00:00+08:00
SHSE.000852,10057.7402,2015-12-08 00:00:00+08:00
SHSE.000852,10034.1904,2015-12-09 00:00:00+08:00
SHSE.000852,10035.4502,2015-12-10 00:00:00+08:00
SHSE.000852,9946.1211,2015-12-11 00:00:00+08:00
SHSE.000852,10118.9004,2015-12-14 00:00:00+08:00
SHSE.000852,10278.4697,2015-12-15 00:00:00+08:00
SHSE.000852,10374.2305,2015-12-16 00:00:00+08:00
SHSE.000852,10679.96,2015-12-17 00:00:00+08:00
SHSE.000852,10629.9697,2015-12-18 00:00:00+08:00
SHSE.000852,10699.6104,2015-12-21 00:00:00+08:00
SHSE.000852,10809.2402,2015-12-22 00:00:00+08:00
SHSE.000852,10638.1602,2015-12-23 00:00:00+08:00
SHSE.000852,10633.1904,2015-12-24 00:00:00+08:00
SHSE.000852,10726.9902,2015-12-25 00:00:00+08:00
SHSE.000852,10515.3604,2015-12-28 00:00:00+08:00
SHSE.000852,10653.71,2015-12-29 00:00:00+08:00
SHSE.000852,10806.7002,2015-12-30 00:00:00+08:00
SHSE.000852,10614.3799,2015-12-31 00:00:00+08:00
SHSE.000852,9694.8359,2016-01-04 00:00:00+08:00
SHSE.000852,9452.041,2016-01-05 00:00:00+08:00
SHSE.000852,9709.5693,2016-01-06 00:00:00+08:00
SHSE.000852,8856.4912,2016-01-07 00:00:00+08:00
SHSE.000852,8876.2529,2016-01-08 00:00:00+08:00
SHSE.000852,8205.1221,2016-01-11 00:00:00+08:00
SHSE.000852,8187.96,2016-01-12 00:00:00+08:00
SHSE.000852,7836.123,2016-01-13 00:00:00+08:00
SHSE.000852,8157.7368,2016-01-14 00:00:00+08:00
SHSE.000852,7868.168,2016-01-15 00:00:00+08:00
SHSE.000852,8060.8794,2016-01-18 00:00:00+08:00
SHSE.000852,8388.3838,2016-01-19 00:00:00+08:00
SHSE.000852,8321.3926,2016-01-20 00:00:00+08:00
SHSE.000852,7944.5669,2016-01-21 00:00:00+08:00
SHSE.000852,8074.2852,2016-01-22 00:00:00+08:00
SHSE.000852,8180.5039,2016-01-25 00:00:00+08:00
SHSE.000852,7545.5444,2016-01-26 00:00:00+08:00
SHSE.000852,7466.7456,2016-01-27 00:00:00+08:00
SHSE.000852,7100.9014,2016-01-28 00:00:00+08:00
SHSE.000852,7385.7588,2016-01-29 00:00:00+08:00
SHSE.000852,7292.6133,2016-02-01 00:00:00+08:00
SHSE.000852,7576.0654,2016-02-02 00:00:00+08:00
SHSE.000852,7630.459,2016-02-03 00:00:00+08:00
SHSE.000852,7807.4009,2016-02-04 00:00:00+08:00
SHSE.000852,7718.7085,2016-02-05 00:00:00+08:00
SHSE.000852,7726.3701,2016-02-15 00:00:00+08:00
SHSE.000852,8069.5942,2016-02-16 00:00:00+08:00
SHSE.000852,8202.1465,2016-02-17 00:00:00+08:00
SHSE.000852,8176.1396,2016-02-18 00:00:00+08:00
SHSE.000852,8239.2559,2016-02-19 00:00:00+08:00
SHSE.000852,8407.8525,2016-02-22 00:00:00+08:00
SHSE.000852,8357.3555,2016-02-23 00:00:00+08:00
SHSE.000852,8364.6631,2016-02-24 00:00:00+08:00
SHSE.000852,7702.5913,2016-02-25 00:00:00+08:00
SHSE.000852,7666.8228,2016-02-26 00:00:00+08:00
SHSE.000852,7183.6763,2016-02-29 00:00:00+08:00
SHSE.000852,7345.0859,2016-03-01 00:00:00+08:00
SHSE.000852,7711.8862,2016-03-02 00:00:00+08:00
SHSE.000852,7727.1597,2016-03-03 00:00:00+08:00
SHSE.000852,7418.8008,2016-03-04 00:00:00+08:00
SHSE.000852,7600.437,2016-03-07 00:00:00+08:00
SHSE.000852,7670.6899,2016-03-08 00:00:00+08:00
SHSE.000852,7500.1699,2016-03-09 00:00:00+08:00
SHSE.000852,7376.6973,2016-03-10 00:00:00+08:00
SHSE.000852,7349.5669,2016-03-11 00:00:00+08:00
SHSE.000852,7640.1309,2016-03-14 00:00:00+08:00
SHSE.000852,7571.8198,2016-03-15 00:00:00+08:00
SHSE.000852,7484.2256,2016-03-16 00:00:00+08:00
SHSE.000852,7779.8755,2016-03-17 00:00:00+08:00
SHSE.000852,8097.2046,2016-03-18 00:00:00+08:00
SHSE.000852,8325.9766,2016-03-21 00:00:00+08:00
SHSE.000852,8311.2109,2016-03-22 00:00:00+08:00
SHSE.000852,8408.6387,2016-03-23 00:00:00+08:00
SHSE.000852,8279.6494,2016-03-24 00:00:00+08:00
SHSE.000852,8343.2422,2016-03-25 00:00:00+08:00
SHSE.000852,8298.7783,2016-03-28 00:00:00+08:00
SHSE.000852,8118.9961,2016-03-29 00:00:00+08:00
SHSE.000852,8438.6836,2016-03-30 00:00:00+08:00
SHSE.000852,8447.1797,2016-03-31 00:00:00+08:00
SHSE.000852,8389.2861,2016-04-01 00:00:00+08:00
SHSE.000852,8635.667,2016-04-05 00:00:00+08:00
SHSE.000852,8691.2295,2016-04-06 00:00:00+08:00
SHSE.000852,8549.5127,2016-04-07 00:00:00+08:00
SHSE.000852,8484.1738,2016-04-08 00:00:00+08:00
SHSE.000852,8677.4092,2016-04-11 00:00:00+08:00
SHSE.000852,8608.374,2016-04-12 00:00:00+08:00
SHSE.000852,8729.8408,2016-04-13 00:00:00+08:00
SHSE.000852,8837.0186,2016-04-14 00:00:00+08:00
SHSE.000852,8841.0947,2016-04-15 00:00:00+08:00
SHSE.000852,8715.8506,2016-04-18 00:00:00+08:00
SHSE.000852,8754.5049,2016-04-19 00:00:00+08:00
SHSE.000852,8312.2012,2016-04-20 00:00:00+08:00
SHSE.000852,8198.5107,2016-04-21 00:00:00+08:00
SHSE.000852,8282.4238,2016-04-22 00:00:00+08:00
SHSE.000852,8232.4775,2016-04-25 00:00:00+08:00
SHSE.000852,8343.4219,2016-04-26 00:00:00+08:00
SHSE.000852,8323.458,2016-04-27 00:00:00+08:00
SHSE.000852,8303.5566,2016-04-28 00:00:00+08:00
SHSE.000852,8291.6982,2016-04-29 00:00:00+08:00
SHSE.000852,8558.5781,2016-05-03 00:00:00+08:00
SHSE.000852,8565.1143,2016-05-04 00:00:00+08:00
SHSE.000852,8628.7402,2016-05-05 00:00:00+08:00
SHSE.000852,8276.0332,2016-05-06 00:00:00+08:00
SHSE.000852,7918.1484,2016-05-09 00:00:00+08:00
SHSE.000852,7898.6626,2016-05-10 00:00:00+08:00
SHSE.000852,7823.9795,2016-05-11 00:00:00+08:00
SHSE.000852,7821.9121,2016-05-12 00:00:00+08:00
SHSE.000852,7806.957,2016-05-13 00:00:00+08:00
SHSE.000852,7961.1465,2016-05-16 00:00:00+08:00
SHSE.000852,7961.502,2016-05-17 00:00:00+08:00
SHSE.000852,7711.9546,2016-05-18 00:00:00+08:00
SHSE.000852,7767.3154,2016-05-19 00:00:00+08:00
SHSE.000852,7860.1279,2016-05-20 00:00:00+08:00
SHSE.000852,7995.5815,2016-05-23 00:00:00+08:00
SHSE.000852,7913.6753,2016-05-24 00:00:00+08:00
SHSE.000852,7889.73,2016-05-25 00:00:00+08:00
SHSE.000852,7929.4678,2016-05-26 00:00:00+08:00
SHSE.000852,7912.8638,2016-05-27 00:00:00+08:00
SHSE.000852,7867.5967,2016-05-30 00:00:00+08:00
SHSE.000852,8197.5566,2016-05-31 00:00:00+08:00
SHSE.000852,8270.5166,2016-06-01 00:00:00+08:00
SHSE.000852,8369.4316,2016-06-02 00:00:00+08:00
SHSE.000852,8391.7637,2016-06-03 00:00:00+08:00
SHSE.000852,8422.4717,2016-06-06 00:00:00+08:00
SHSE.000852,8434.6689,2016-06-07 00:00:00+08:00
SHSE.000852,8431.8916,2016-06-08 00:00:00+08:00
SHSE.000852,8000.8184,2016-06-13 00:00:00+08:00
SHSE.000852,8038.5889,2016-06-14 00:00:00+08:00
SHSE.000852,8340.5391,2016-06-15 00:00:00+08:00
SHSE.000852,8358.0342,2016-06-16 00:00:00+08:00
SHSE.000852,8414.5078,2016-06-17 00:00:00+08:00
SHSE.000852,8457.9316,2016-06-20 00:00:00+08:00
SHSE.000852,8350.7617,2016-06-21 00:00:00+08:00
SHSE.000852,8513.543,2016-06-22 00:00:00+08:00
SHSE.000852,8495.7803,2016-06-23 00:00:00+08:00
SHSE.000852,8428.8223,2016-06-24 00:00:00+08:00
SHSE.000852,8646.1611,2016-06-27 00:00:00+08:00
SHSE.000852,8730.1973,2016-06-28 00:00:00+08:00
SHSE.000852,8745.8154,2016-06-29 00:00:00+08:00
SHSE.000852,8741.0996,2016-06-30 00:00:00+08:00
SHSE.000852,8710.5176,2016-07-01 00:00:00+08:00
SHSE.000852,8874.0703,2016-07-04 00:00:00+08:00
SHSE.000852,8914.8398,2016-07-05 00:00:00+08:00
SHSE.000852,8947.1367,2016-07-06 00:00:00+08:00
SHSE.000852,8954.2754,2016-07-07 00:00:00+08:00
SHSE.000852,8939.2588,2016-07-08 00:00:00+08:00
SHSE.000852,8874.9961,2016-07-11 00:00:00+08:00
SHSE.000852,8943.0645,2016-07-12 00:00:00+08:00
SHSE.000852,9023.2363,2016-07-13 00:00:00+08:00
SHSE.000852,9042.7627,2016-07-14 00:00:00+08:00
SHSE.000852,8982.8857,2016-07-15 00:00:00+08:00
SHSE.000852,8937.8555,2016-07-18 00:00:00+08:00
SHSE.000852,8996.833,2016-07-19 00:00:00+08:00
SHSE.000852,8997.8906,2016-07-20 00:00:00+08:00
SHSE.000852,9007.5537,2016-07-21 00:00:00+08:00
SHSE.000852,8931.9658,2016-07-22 00:00:00+08:00
SHSE.000852,8925.3408,2016-07-25 00:00:00+08:00
SHSE.000852,9035.5566,2016-07-26 00:00:00+08:00
SHSE.000852,8602.9199,2016-07-27 00:00:00+08:00
SHSE.000852,8571.5645,2016-07-28 00:00:00+08:00
SHSE.000852,8501.0898,2016-07-29 00:00:00+08:00
SHSE.000852,8363.6104,2016-08-01 00:00:00+08:00
SHSE.000852,8445.7803,2016-08-02 00:00:00+08:00
SHSE.000852,8482.1982,2016-08-03 00:00:00+08:00
SHSE.000852,8553.0059,2016-08-04 00:00:00+08:00
SHSE.000852,8505.3643,2016-08-05 00:00:00+08:00
SHSE.000852,8607.3984,2016-08-08 00:00:00+08:00
SHSE.000852,8699.3887,2016-08-09 00:00:00+08:00
SHSE.000852,8671.7783,2016-08-10 00:00:00+08:00
SHSE.000852,8531.6924,2016-08-11 00:00:00+08:00
SHSE.000852,8615.0537,2016-08-12 00:00:00+08:00
SHSE.000852,8807.832,2016-08-15 00:00:00+08:00
SHSE.000852,8877.0654,2016-08-16 00:00:00+08:00
SHSE.000852,8911.7471,2016-08-17 00:00:00+08:00
SHSE.000852,8908.3242,2016-08-18 00:00:00+08:00
SHSE.000852,8923.3633,2016-08-19 00:00:00+08:00
SHSE.000852,8810.8428,2016-08-22 00:00:00+08:00
SHSE.000852,8820.21,2016-08-23 00:00:00+08:00
SHSE.000852,8850.5107,2016-08-24 00:00:00+08:00
SHSE.000852,8784.584,2016-08-25 00:00:00+08:00
SHSE.000852,8814.4648,2016-08-26 00:00:00+08:00
SHSE.000852,8836.9932,2016-08-29 00:00:00+08:00
SHSE.000852,8838.4639,2016-08-30 00:00:00+08:00
SHSE.000852,8838.3799,2016-08-31 00:00:00+08:00
SHSE.000852,8770.751,2016-09-01 00:00:00+08:00
SHSE.000852,8724.9414,2016-09-02 00:00:00+08:00
SHSE.000852,8761.9619,2016-09-05 00:00:00+08:00
SHSE.000852,8906.8682,2016-09-06 00:00:00+08:00
SHSE.000852,8897.7969,2016-09-07 00:00:00+08:00
SHSE.000852,8938.4307,2016-09-08 00:00:00+08:00
SHSE.000852,8872.3135,2016-09-09 00:00:00+08:00
SHSE.000852,8587.3984,2016-09-12 00:00:00+08:00
SHSE.000852,8656.6797,2016-09-13 00:00:00+08:00
SHSE.000852,8618.1494,2016-09-14 00:00:00+08:00
SHSE.000852,8716.4863,2016-09-19 00:00:00+08:00
SHSE.000852,8712.2832,2016-09-20 00:00:00+08:00
SHSE.000852,8731.999,2016-09-21 00:00:00+08:00
SHSE.000852,8770.0947,2016-09-22 00:00:00+08:00
SHSE.000852,8729.6104,2016-09-23 00:00:00+08:00
SHSE.000852,8544.1758,2016-09-26 00:00:00+08:00
SHSE.000852,8604.0986,2016-09-27 00:00:00+08:00
SHSE.000852,8592.126,2016-09-28 00:00:00+08:00
SHSE.000852,8618.6064,2016-09-29 00:00:00+08:00
SHSE.000852,8661.0186,2016-09-30 00:00:00+08:00
SHSE.000852,8842.8184,2016-10-10 00:00:00+08:00
SHSE.000852,8903.459,2016-10-11 00:00:00+08:00
SHSE.000852,8915.4404,2016-10-12 00:00:00+08:00
SHSE.000852,8929.5107,2016-10-13 00:00:00+08:00
SHSE.000852,8913.6953,2016-10-14 00:00:00+08:00
SHSE.000852,8832.0947,2016-10-17 00:00:00+08:00
SHSE.000852,8966.6904,2016-10-18 00:00:00+08:00
SHSE.000852,8954.2021,2016-10-19 00:00:00+08:00
SHSE.000852,8995.4102,2016-10-20 00:00:00+08:00
SHSE.000852,8943.0107,2016-10-21 00:00:00+08:00
SHSE.000852,9000.7031,2016-10-24 00:00:00+08:00
SHSE.000852,9039.4805,2016-10-25 00:00:00+08:00
SHSE.000852,9000.7598,2016-10-26 00:00:00+08:00
SHSE.000852,8997.0156,2016-10-27 00:00:00+08:00
SHSE.000852,8914.6162,2016-10-28 00:00:00+08:00
SHSE.000852,8910.5078,2016-10-31 00:00:00+08:00
SHSE.000852,9006.7891,2016-11-01 00:00:00+08:00
SHSE.000852,8946.7432,2016-11-02 00:00:00+08:00
SHSE.000852,9004.8545,2016-11-03 00:00:00+08:00
SHSE.000852,8979.9258,2016-11-04 00:00:00+08:00
SHSE.000852,8975.5664,2016-11-07 00:00:00+08:00
SHSE.000852,9030.7305,2016-11-08 00:00:00+08:00
SHSE.000852,8967.5967,2016-11-09 00:00:00+08:00
SHSE.000852,9083.8438,2016-11-10 00:00:00+08:00
SHSE.000852,9121.5088,2016-11-11 00:00:00+08:00
SHSE.000852,9152.165,2016-11-14 00:00:00+08:00
SHSE.000852,9197.8604,2016-11-15 00:00:00+08:00
SHSE.000852,9211.9492,2016-11-16 00:00:00+08:00
SHSE.000852,9174.4385,2016-11-17 00:00:00+08:00
SHSE.000852,9146.2139,2016-11-18 00:00:00+08:00
SHSE.000852,9167.4922,2016-11-21 00:00:00+08:00
SHSE.000852,9244.2119,2016-11-22 00:00:00+08:00
SHSE.000852,9180.0107,2016-11-23 00:00:00+08:00
SHSE.000852,9116.5664,2016-11-24 00:00:00+08:00
SHSE.000852,9134.8154,2016-11-25 00:00:00+08:00
SHSE.000852,9133.9102,2016-11-28 00:00:00+08:00
SHSE.000852,9031.29,2016-11-29 00:00:00+08:00
SHSE.000852,9014.9131,2016-11-30 00:00:00+08:00
SHSE.000852,9055.9854,2016-12-01 00:00:00+08:00
SHSE.000852,8900.4141,2016-12-02 00:00:00+08:00
SHSE.000852,8851.5166,2016-12-05 00:00:00+08:00
SHSE.000852,8871.7285,2016-12-06 00:00:00+08:00
SHSE.000852,8969.1357,2016-12-07 00:00:00+08:00
SHSE.000852,8914.5117,2016-12-08 00:00:00+08:00
SHSE.000852,8881.3428,2016-12-09 00:00:00+08:00
SHSE.000852,8397.4834,2016-12-12 00:00:00+08:00
SHSE.000852,8433.5869,2016-12-13 00:00:00+08:00
SHSE.000852,8378.0566,2016-12-14 00:00:00+08:00
SHSE.000852,8467.708,2016-12-15 00:00:00+08:00
SHSE.000852,8559.9902,2016-12-16 00:00:00+08:00
SHSE.000852,8551.3262,2016-12-19 00:00:00+08:00
SHSE.000852,8546.1904,2016-12-20 00:00:00+08:00
SHSE.000852,8609.4053,2016-12-21 00:00:00+08:00
SHSE.000852,8607.9453,2016-12-22 00:00:00+08:00
SHSE.000852,8509.3613,2016-12-23 00:00:00+08:00
SHSE.000852,8547.0977,2016-12-26 00:00:00+08:00
SHSE.000852,8555.9902,2016-12-27 00:00:00+08:00
SHSE.000852,8521.375,2016-12-28 00:00:00+08:00
SHSE.000852,8488.2969,2016-12-29 00:00:00+08:00
SHSE.000852,8490.8613,2016-12-30 00:00:00+08:00
SHSE.000852,8565.1367,2017-01-03 00:00:00+08:00
SHSE.000852,8669.9492,2017-01-04 00:00:00+08:00
SHSE.000852,8670.7607,2017-01-05 00:00:00+08:00
SHSE.000852,8609.8984,2017-01-06 00:00:00+08:00
SHSE.000852,8653.8467,2017-01-09 00:00:00+08:00
SHSE.000852,8609.5537,2017-01-10 00:00:00+08:00
SHSE.000852,8519.8447,2017-01-11 00:00:00+08:00
SHSE.000852,8443.2607,2017-01-12 00:00:00+08:00
SHSE.000852,8286.2412,2017-01-13 00:00:00+08:00
SHSE.000852,7931.9556,2017-01-16 00:00:00+08:00
SHSE.000852,8028.6514,2017-01-17 00:00:00+08:00
SHSE.000852,7989.1406,2017-01-18 00:00:00+08:00
SHSE.000852,7955.3916,2017-01-19 00:00:00+08:00
SHSE.000852,8087.7725,2017-01-20 00:00:00+08:00
SHSE.000852,8169.1089,2017-01-23 00:00:00+08:00
SHSE.000852,8123.5864,2017-01-24 00:00:00+08:00
SHSE.000852,8150.5957,2017-01-25 00:00:00+08:00
SHSE.000852,8205.8701,2017-01-26 00:00:00+08:00
SHSE.000852,8182.2783,2017-02-03 00:00:00+08:00
SHSE.000852,8280.0078,2017-02-06 00:00:00+08:00
SHSE.000852,8282.375,2017-02-07 00:00:00+08:00
SHSE.000852,8342.4336,2017-02-08 00:00:00+08:00
SHSE.000852,8410.2607,2017-02-09 00:00:00+08:00
SHSE.000852,8380.7861,2017-02-10 00:00:00+08:00
SHSE.000852,8432.957,2017-02-13 00:00:00+08:00
SHSE.000852,8423.8359,2017-02-14 00:00:00+08:00
SHSE.000852,8344.0742,2017-02-15 00:00:00+08:00
SHSE.000852,8397.5625,2017-02-16 00:00:00+08:00
SHSE.000852,8324.417,2017-02-17 00:00:00+08:00
SHSE.000852,8397.2432,2017-02-20 00:00:00+08:00
SHSE.000852,8479.6074,2017-02-21 00:00:00+08:00
SHSE.000852,8510.3057,2017-02-22 00:00:00+08:00
SHSE.000852,8512.7051,2017-02-23 00:00:00+08:00
SHSE.000852,8543.4482,2017-02-24 00:00:00+08:00
SHSE.000852,8476.9062,2017-02-27 00:00:00+08:00
SHSE.000852,8508.0859,2017-02-28 00:00:00+08:00
SHSE.000852,8526.4717,2017-03-01 00:00:00+08:00
SHSE.000852,8471.4404,2017-03-02 00:00:00+08:00
SHSE.000852,8505.4512,2017-03-03 00:00:00+08:00
SHSE.000852,8608.1533,2017-03-06 00:00:00+08:00
SHSE.000852,8624.4658,2017-03-07 00:00:00+08:00
SHSE.000852,8589.8701,2017-03-08 00:00:00+08:00
SHSE.000852,8535.5566,2017-03-09 00:00:00+08:00
SHSE.000852,8537.7803,2017-03-10 00:00:00+08:00
SHSE.000852,8598.5186,2017-03-13 00:00:00+08:00
SHSE.000852,8581.7129,2017-03-14 00:00:00+08:00
SHSE.000852,8574.0293,2017-03-15 00:00:00+08:00
SHSE.000852,8664.9805,2017-03-16 00:00:00+08:00
SHSE.000852,8603.8652,2017-03-17 00:00:00+08:00
SHSE.000852,8634.8438,2017-03-20 00:00:00+08:00
SHSE.000852,8639.5664,2017-03-21 00:00:00+08:00
SHSE.000852,8592.5078,2017-03-22 00:00:00+08:00
SHSE.000852,8590.96,2017-03-23 00:00:00+08:00
SHSE.000852,8602.29,2017-03-24 00:00:00+08:00
SHSE.000852,8586.9102,2017-03-27 00:00:00+08:00
SHSE.000852,8558.0723,2017-03-28 00:00:00+08:00
SHSE.000852,8488.2168,2017-03-29 00:00:00+08:00
SHSE.000852,8315.0449,2017-03-30 00:00:00+08:00
SHSE.000852,8339.1465,2017-03-31 00:00:00+08:00
SHSE.000852,8522.0098,2017-04-05 00:00:00+08:00
SHSE.000852,8543.6631,2017-04-06 00:00:00+08:00
SHSE.000852,8544.7471,2017-04-07 00:00:00+08:00
SHSE.000852,8449.1572,2017-04-10 00:00:00+08:00
SHSE.000852,8514.4355,2017-04-11 00:00:00+08:00
SHSE.000852,8444.3936,2017-04-12 00:00:00+08:00
SHSE.000852,8470.3135,2017-04-13 00:00:00+08:00
SHSE.000852,8345.6514,2017-04-14 00:00:00+08:00
SHSE.000852,8220.6562,2017-04-17 00:00:00+08:00
SHSE.000852,8136.4092,2017-04-18 00:00:00+08:00
SHSE.000852,8033.5024,2017-04-19 00:00:00+08:00
SHSE.000852,7987.6509,2017-04-20 00:00:00+08:00
SHSE.000852,7945.3901,2017-04-21 00:00:00+08:00
SHSE.000852,7698.2847,2017-04-24 00:00:00+08:00
SHSE.000852,7723.9995,2017-04-25 00:00:00+08:00
SHSE.000852,7751.9443,2017-04-26 00:00:00+08:00
SHSE.000852,7799.1221,2017-04-27 00:00:00+08:00
SHSE.000852,7842.0825,2017-04-28 00:00:00+08:00
SHSE.000852,7845.4678,2017-05-02 00:00:00+08:00
SHSE.000852,7830.6377,2017-05-03 00:00:00+08:00
SHSE.000852,7804.5796,2017-05-04 00:00:00+08:00
SHSE.000852,7700.2646,2017-05-05 00:00:00+08:00
SHSE.000852,7555.2827,2017-05-08 00:00:00+08:00
SHSE.000852,7602.9619,2017-05-09 00:00:00+08:00
SHSE.000852,7451.7759,2017-05-10 00:00:00+08:00
SHSE.000852,7387.1533,2017-05-11 00:00:00+08:00
SHSE.000852,7371.3018,2017-05-12 00:00:00+08:00
SHSE.000852,7391.6055,2017-05-15 00:00:00+08:00
SHSE.000852,7549.7651,2017-05-16 00:00:00+08:00
SHSE.000852,7570.439,2017-05-17 00:00:00+08:00
SHSE.000852,7519.1914,2017-05-18 00:00:00+08:00
SHSE.000852,7510.1064,2017-05-19 00:00:00+08:00
SHSE.000852,7372.79,2017-05-22 00:00:00+08:00
SHSE.000852,7138.2383,2017-05-23 00:00:00+08:00
SHSE.000852,7172.1431,2017-05-24 00:00:00+08:00
SHSE.000852,7232.6313,2017-05-25 00:00:00+08:00
SHSE.000852,7233.3384,2017-05-26 00:00:00+08:00
SHSE.000852,7212.6958,2017-05-31 00:00:00+08:00
SHSE.000852,7016.3042,2017-06-01 00:00:00+08:00
SHSE.000852,7094.4272,2017-06-02 00:00:00+08:00
SHSE.000852,7160.5273,2017-06-05 00:00:00+08:00
SHSE.000852,7197.6177,2017-06-06 00:00:00+08:00
SHSE.000852,7347.5972,2017-06-07 00:00:00+08:00
SHSE.000852,7342.4824,2017-06-08 00:00:00+08:00
SHSE.000852,7348.521,2017-06-09 00:00:00+08:00
SHSE.000852,7246.7129,2017-06-12 00:00:00+08:00
SHSE.000852,7352.9761,2017-06-13 00:00:00+08:00
SHSE.000852,7362.8555,2017-06-14 00:00:00+08:00
SHSE.000852,7455.3877,2017-06-15 00:00:00+08:00
SHSE.000852,7442.9531,2017-06-16 00:00:00+08:00
SHSE.000852,7489.7603,2017-06-19 00:00:00+08:00
SHSE.000852,7503.8008,2017-06-20 00:00:00+08:00
SHSE.000852,7504.1924,2017-06-21 00:00:00+08:00
SHSE.000852,7371.9619,2017-06-22 00:00:00+08:00
SHSE.000852,7376.6655,2017-06-23 00:00:00+08:00
SHSE.000852,7462.0957,2017-06-26 00:00:00+08:00
SHSE.000852,7474.0327,2017-06-27 00:00:00+08:00
SHSE.000852,7423.4683,2017-06-28 00:00:00+08:00
SHSE.000852,7456.6719,2017-06-29 00:00:00+08:00
SHSE.000852,7465.7622,2017-06-30 00:00:00+08:00
SHSE.000852,7537.106,2017-07-03 00:00:00+08:00
SHSE.000852,7523.6953,2017-07-04 00:00:00+08:00
SHSE.000852,7588.0869,2017-07-05 00:00:00+08:00
SHSE.000852,7601.7852,2017-07-06 00:00:00+08:00
SHSE.000852,7623.3804,2017-07-07 00:00:00+08:00
SHSE.000852,7577.8179,2017-07-10 00:00:00+08:00
SHSE.000852,7484.0581,2017-07-11 00:00:00+08:00
SHSE.000852,7474.333,2017-07-12 00:00:00+08:00
SHSE.000852,7474.2993,2017-07-13 00:00:00+08:00
SHSE.000852,7433.1797,2017-07-14 00:00:00+08:00
SHSE.000852,7048.5352,2017-07-17 00:00:00+08:00
SHSE.000852,7109.6001,2017-07-18 00:00:00+08:00
SHSE.000852,7202.8052,2017-07-19 00:00:00+08:00
SHSE.000852,7244.9004,2017-07-20 00:00:00+08:00
SHSE.000852,7252.707,2017-07-21 00:00:00+08:00
SHSE.000852,7292.6484,2017-07-24 00:00:00+08:00
SHSE.000852,7278.8428,2017-07-25 00:00:00+08:00
SHSE.000852,7289.8774,2017-07-26 00:00:00+08:00
SHSE.000852,7383.1147,2017-07-27 00:00:00+08:00
SHSE.000852,7386.2075,2017-07-28 00:00:00+08:00
SHSE.000852,7444.957,2017-07-31 00:00:00+08:00
SHSE.000852,7452.9336,2017-08-01 00:00:00+08:00
SHSE.000852,7389.5098,2017-08-02 00:00:00+08:00
SHSE.000852,7424.1069,2017-08-03 00:00:00+08:00
SHSE.000852,7389.1455,2017-08-04 00:00:00+08:00
SHSE.000852,7445.1797,2017-08-07 00:00:00+08:00
SHSE.000852,7470.6934,2017-08-08 00:00:00+08:00
SHSE.000852,7495.3877,2017-08-09 00:00:00+08:00
SHSE.000852,7441.2363,2017-08-10 00:00:00+08:00
SHSE.000852,7328.4014,2017-08-11 00:00:00+08:00
SHSE.000852,7474.644,2017-08-14 00:00:00+08:00
SHSE.000852,7507.2915,2017-08-15 00:00:00+08:00
SHSE.000852,7544.3872,2017-08-16 00:00:00+08:00
SHSE.000852,7614.2119,2017-08-17 00:00:00+08:00
SHSE.000852,7576.0547,2017-08-18 00:00:00+08:00
SHSE.000852,7631.75,2017-08-21 00:00:00+08:00
SHSE.000852,7585.1123,2017-08-22 00:00:00+08:00
SHSE.000852,7534.4609,2017-08-23 00:00:00+08:00
SHSE.000852,7486.0581,2017-08-24 00:00:00+08:00
SHSE.000852,7559.3057,2017-08-25 00:00:00+08:00
SHSE.000852,7642.6465,2017-08-28 00:00:00+08:00
SHSE.000852,7623.2549,2017-08-29 00:00:00+08:00
SHSE.000852,7654.3721,2017-08-30 00:00:00+08:00
SHSE.000852,7679.8711,2017-08-31 00:00:00+08:00
SHSE.000852,7739.9053,2017-09-01 00:00:00+08:00
SHSE.000852,7798.1787,2017-09-04 00:00:00+08:00
SHSE.000852,7800.5376,2017-09-05 00:00:00+08:00
SHSE.000852,7858.2847,2017-09-06 00:00:00+08:00
SHSE.000852,7823.3994,2017-09-07 00:00:00+08:00
SHSE.000852,7838.7959,2017-09-08 00:00:00+08:00
SHSE.000852,7920.6904,2017-09-11 00:00:00+08:00
SHSE.000852,7899.4233,2017-09-12 00:00:00+08:00
SHSE.000852,7928.751,2017-09-13 00:00:00+08:00
SHSE.000852,7916.6655,2017-09-14 00:00:00+08:00
SHSE.000852,7880.5664,2017-09-15 00:00:00+08:00
SHSE.000852,7941.6826,2017-09-18 00:00:00+08:00
SHSE.000852,7905.7051,2017-09-19 00:00:00+08:00
SHSE.000852,7975.3896,2017-09-20 00:00:00+08:00
SHSE.000852,7886.5151,2017-09-21 00:00:00+08:00
SHSE.000852,7849.7266,2017-09-22 00:00:00+08:00
SHSE.000852,7731.7979,2017-09-25 00:00:00+08:00
SHSE.000852,7746.2383,2017-09-26 00:00:00+08:00
SHSE.000852,7810.2339,2017-09-27 00:00:00+08:00
SHSE.000852,7768.375,2017-09-28 00:00:00+08:00
SHSE.000852,7842.5859,2017-09-29 00:00:00+08:00
SHSE.000852,7941.1802,2017-10-09 00:00:00+08:00
SHSE.000852,7994.4595,2017-10-10 00:00:00+08:00
SHSE.000852,7961.1104,2017-10-11 00:00:00+08:00
SHSE.000852,7940.1377,2017-10-12 00:00:00+08:00
SHSE.000852,7972.4194,2017-10-13 00:00:00+08:00
SHSE.000852,7819.5859,2017-10-16 00:00:00+08:00
SHSE.000852,7805.0679,2017-10-17 00:00:00+08:00
SHSE.000852,7730.2715,2017-10-18 00:00:00+08:00
SHSE.000852,7656.0557,2017-10-19 00:00:00+08:00
SHSE.000852,7751.4282,2017-10-20 00:00:00+08:00
SHSE.000852,7793.5366,2017-10-23 00:00:00+08:00
SHSE.000852,7752.9233,2017-10-24 00:00:00+08:00
SHSE.000852,7799.749,2017-10-25 00:00:00+08:00
SHSE.000852,7830.106,2017-10-26 00:00:00+08:00
SHSE.000852,7770.7129,2017-10-27 00:00:00+08:00
SHSE.000852,7574.6548,2017-10-30 00:00:00+08:00
SHSE.000852,7631.5332,2017-10-31 00:00:00+08:00
SHSE.000852,7635.4351,2017-11-01 00:00:00+08:00
SHSE.000852,7542.3545,2017-11-02 00:00:00+08:00
SHSE.000852,7476.981,2017-11-03 00:00:00+08:00
SHSE.000852,7551.353,2017-11-06 00:00:00+08:00
SHSE.000852,7596.168,2017-11-07 00:00:00+08:00
SHSE.000852,7617.5244,2017-11-08 00:00:00+08:00
SHSE.000852,7656.668,2017-11-09 00:00:00+08:00
SHSE.000852,7669.9712,2017-11-10 00:00:00+08:00
SHSE.000852,7681.6348,2017-11-13 00:00:00+08:00
SHSE.000852,7627.4937,2017-11-14 00:00:00+08:00
SHSE.000852,7556.4209,2017-11-15 00:00:00+08:00
SHSE.000852,7535.5894,2017-11-16 00:00:00+08:00
SHSE.000852,7272.6558,2017-11-17 00:00:00+08:00
SHSE.000852,7292.4561,2017-11-20 00:00:00+08:00
SHSE.000852,7289.3071,2017-11-21 00:00:00+08:00
SHSE.000852,7297.3911,2017-11-22 00:00:00+08:00
SHSE.000852,7129.0547,2017-11-23 00:00:00+08:00
SHSE.000852,7139.5527,2017-11-24 00:00:00+08:00
SHSE.000852,7065.8403,2017-11-27 00:00:00+08:00
SHSE.000852,7176.9204,2017-11-28 00:00:00+08:00
SHSE.000852,7193.1196,2017-11-29 00:00:00+08:00
SHSE.000852,7153.5723,2017-11-30 00:00:00+08:00
SHSE.000852,7215.7754,2017-12-01 00:00:00+08:00
SHSE.000852,7139.749,2017-12-04 00:00:00+08:00
SHSE.000852,6946.5566,2017-12-05 00:00:00+08:00
SHSE.000852,7016.7642,2017-12-06 00:00:00+08:00
SHSE.000852,7012.7075,2017-12-07 00:00:00+08:00
SHSE.000852,7078.0005,2017-12-08 00:00:00+08:00
SHSE.000852,7160.4253,2017-12-11 00:00:00+08:00
SHSE.000852,7095.5947,2017-12-12 00:00:00+08:00
SHSE.000852,7139.7183,2017-12-13 00:00:00+08:00
SHSE.000852,7146.4492,2017-12-14 00:00:00+08:00
SHSE.000852,7122.748,2017-12-15 00:00:00+08:00
SHSE.000852,7075.8652,2017-12-18 00:00:00+08:00
SHSE.000852,7115.8511,2017-12-19 00:00:00+08:00
SHSE.000852,7041.5,2017-12-20 00:00:00+08:00
SHSE.000852,7051.3389,2017-12-21 00:00:00+08:00
SHSE.000852,7037.397,2017-12-22 00:00:00+08:00
SHSE.000852,6940.5112,2017-12-25 00:00:00+08:00
SHSE.000852,6970.7456,2017-12-26 00:00:00+08:00
SHSE.000852,6942.5391,2017-12-27 00:00:00+08:00
SHSE.000852,6956.4829,2017-12-28 00:00:00+08:00
SHSE.000852,7017.3511,2017-12-29 00:00:00+08:00
SHSE.000852,7092.0947,2018-01-02 00:00:00+08:00
SHSE.000852,7159.876,2018-01-03 00:00:00+08:00
SHSE.000852,7174.8652,2018-01-04 00:00:00+08:00
SHSE.000852,7176.8677,2018-01-05 00:00:00+08:00
SHSE.000852,7188.2905,2018-01-08 00:00:00+08:00
SHSE.000852,7176.7417,2018-01-09 00:00:00+08:00
SHSE.000852,7138.7808,2018-01-10 00:00:00+08:00
SHSE.000852,7175.3984,2018-01-11 00:00:00+08:00
SHSE.000852,7127.8281,2018-01-12 00:00:00+08:00
SHSE.000852,6929.3071,2018-01-15 00:00:00+08:00
SHSE.000852,6960.6772,2018-01-16 00:00:00+08:00
SHSE.000852,6942.8628,2018-01-17 00:00:00+08:00
SHSE.000852,6955.2319,2018-01-18 00:00:00+08:00
SHSE.000852,6938.3115,2018-01-19 00:00:00+08:00
SHSE.000852,7014.5474,2018-01-22 00:00:00+08:00
SHSE.000852,7019.9751,2018-01-23 00:00:00+08:00
SHSE.000852,7072.4062,2018-01-24 00:00:00+08:00
SHSE.000852,7062.6353,2018-01-25 00:00:00+08:00
SHSE.000852,7056.0132,2018-01-26 00:00:00+08:00
SHSE.000852,6972.479,2018-01-29 00:00:00+08:00
SHSE.000852,6955.2427,2018-01-30 00:00:00+08:00
SHSE.000852,6791.0093,2018-01-31 00:00:00+08:00
SHSE.000852,6506.4526,2018-02-01 00:00:00+08:00
SHSE.000852,6487.8672,2018-02-02 00:00:00+08:00
SHSE.000852,6461.813,2018-02-05 00:00:00+08:00
SHSE.000852,6142.668,2018-02-06 00:00:00+08:00
SHSE.000852,6158.2573,2018-02-07 00:00:00+08:00
SHSE.000852,6238.2207,2018-02-08 00:00:00+08:00
SHSE.000852,6053.0205,2018-02-09 00:00:00+08:00
SHSE.000852,6203.7515,2018-02-12 00:00:00+08:00
SHSE.000852,6216.5103,2018-02-13 00:00:00+08:00
SHSE.000852,6230.6626,2018-02-14 00:00:00+08:00
SHSE.000852,6347.0825,2018-02-22 00:00:00+08:00
SHSE.000852,6365.9165,2018-02-23 00:00:00+08:00
SHSE.000852,6507.1279,2018-02-26 00:00:00+08:00
SHSE.000852,6529.3804,2018-02-27 00:00:00+08:00
SHSE.000852,6563.8076,2018-02-28 00:00:00+08:00
SHSE.000852,6658.5781,2018-03-01 00:00:00+08:00
SHSE.000852,6632.3711,2018-03-02 00:00:00+08:00
SHSE.000852,6674.2773,2018-03-05 00:00:00+08:00
SHSE.000852,6735.8594,2018-03-06 00:00:00+08:00
SHSE.000852,6688.5449,2018-03-07 00:00:00+08:00
SHSE.000852,6725.1826,2018-03-08 00:00:00+08:00
SHSE.000852,6837.1265,2018-03-09 00:00:00+08:00
SHSE.000852,6947.46,2018-03-12 00:00:00+08:00
SHSE.000852,6911.6655,2018-03-13 00:00:00+08:00
SHSE.000852,6834.8354,2018-03-14 00:00:00+08:00
SHSE.000852,6824.0513,2018-03-15 00:00:00+08:00
SHSE.000852,6805.9258,2018-03-16 00:00:00+08:00
SHSE.000852,6820.5015,2018-03-19 00:00:00+08:00
SHSE.000852,6822.2549,2018-03-20 00:00:00+08:00
SHSE.000852,6771.0552,2018-03-21 00:00:00+08:00
SHSE.000852,6764.6899,2018-03-22 00:00:00+08:00
SHSE.000852,6402.8931,2018-03-23 00:00:00+08:00
SHSE.000852,6515.251,2018-03-26 00:00:00+08:00
SHSE.000852,6680.8438,2018-03-27 00:00:00+08:00
SHSE.000852,6635.873,2018-03-28 00:00:00+08:00
SHSE.000852,6684.2754,2018-03-29 00:00:00+08:00
SHSE.000852,6798.6685,2018-03-30 00:00:00+08:00
SHSE.000852,6835.8745,2018-04-02 00:00:00+08:00
SHSE.000852,6769.5581,2018-04-03 00:00:00+08:00
SHSE.000852,6708.9219,2018-04-04 00:00:00+08:00
SHSE.000852,6718.6494,2018-04-09 00:00:00+08:00
SHSE.000852,6720.7739,2018-04-10 00:00:00+08:00
SHSE.000852,6759.812,2018-04-11 00:00:00+08:00
SHSE.000852,6727.6445,2018-04-12 00:00:00+08:00
SHSE.000852,6721.6631,2018-04-13 00:00:00+08:00
SHSE.000852,6717.9312,2018-04-16 00:00:00+08:00
SHSE.000852,6564.6919,2018-04-17 00:00:00+08:00
SHSE.000852,6661.2915,2018-04-18 00:00:00+08:00
SHSE.000852,6677.0898,2018-04-19 00:00:00+08:00
SHSE.000852,6535.9634,2018-04-20 00:00:00+08:00
SHSE.000852,6466.5186,2018-04-23 00:00:00+08:00
SHSE.000852,6606.584,2018-04-24 00:00:00+08:00
SHSE.000852,6632.0186,2018-04-25 00:00:00+08:00
SHSE.000852,6510.5342,2018-04-26 00:00:00+08:00
SHSE.000852,6517.0542,2018-04-27 00:00:00+08:00
SHSE.000852,6486.8145,2018-05-02 00:00:00+08:00
SHSE.000852,6545.2739,2018-05-03 00:00:00+08:00
SHSE.000852,6531.293,2018-05-04 00:00:00+08:00
SHSE.000852,6646.584,2018-05-07 00:00:00+08:00
SHSE.000852,6678.1445,2018-05-08 00:00:00+08:00
SHSE.000852,6674.9092,2018-05-09 00:00:00+08:00
SHSE.000852,6703.2109,2018-05-10 00:00:00+08:00
SHSE.000852,6636.7666,2018-05-11 00:00:00+08:00
SHSE.000852,6591.7305,2018-05-14 00:00:00+08:00
SHSE.000852,6661.1289,2018-05-15 00:00:00+08:00
SHSE.000852,6622.6416,2018-05-16 00:00:00+08:00
SHSE.000852,6591.2549,2018-05-17 00:00:00+08:00
SHSE.000852,6620.7749,2018-05-18 00:00:00+08:00
SHSE.000852,6697.144,2018-05-21 00:00:00+08:00
SHSE.000852,6724.3984,2018-05-22 00:00:00+08:00
SHSE.000852,6652.2925,2018-05-23 00:00:00+08:00
SHSE.000852,6628.5024,2018-05-24 00:00:00+08:00
SHSE.000852,6541.4497,2018-05-25 00:00:00+08:00
SHSE.000852,6490.4048,2018-05-28 00:00:00+08:00
SHSE.000852,6436.7725,2018-05-29 00:00:00+08:00
SHSE.000852,6232.4155,2018-05-30 00:00:00+08:00
SHSE.000852,6315.1719,2018-05-31 00:00:00+08:00
SHSE.000852,6243.7319,2018-06-01 00:00:00+08:00
SHSE.000852,6215.6084,2018-06-04 00:00:00+08:00
SHSE.000852,6316.4189,2018-06-05 00:00:00+08:00
SHSE.000852,6320.4736,2018-06-06 00:00:00+08:00
SHSE.000852,6274.8838,2018-06-07 00:00:00+08:00
SHSE.000852,6205.9556,2018-06-08 00:00:00+08:00
SHSE.000852,6151.9385,2018-06-11 00:00:00+08:00
SHSE.000852,6199.1543,2018-06-12 00:00:00+08:00
SHSE.000852,6092.3447,2018-06-13 00:00:00+08:00
SHSE.000852,6060.1289,2018-06-14 00:00:00+08:00
SHSE.000852,5928.0723,2018-06-15 00:00:00+08:00
SHSE.000852,5522.5288,2018-06-19 00:00:00+08:00
SHSE.000852,5588.27,2018-06-20 00:00:00+08:00
SHSE.000852,5456.9106,2018-06-21 00:00:00+08:00
SHSE.000852,5541.374,2018-06-22 00:00:00+08:00
SHSE.000852,5512.4331,2018-06-25 00:00:00+08:00
SHSE.000852,5558.7139,2018-06-26 00:00:00+08:00
SHSE.000852,5508.915,2018-06-27 00:00:00+08:00
SHSE.000852,5443.8491,2018-06-28 00:00:00+08:00
SHSE.000852,5608.5356,2018-06-29 00:00:00+08:00
SHSE.000852,5538.0923,2018-07-02 00:00:00+08:00
SHSE.000852,5601.5908,2018-07-03 00:00:00+08:00
SHSE.000852,5500.6655,2018-07-04 00:00:00+08:00
SHSE.000852,5352.6602,2018-07-05 00:00:00+08:00
SHSE.000852,5374.5801,2018-07-06 00:00:00+08:00
SHSE.000852,5487.5488,2018-07-09 00:00:00+08:00
SHSE.000852,5524.8022,2018-07-10 00:00:00+08:00
SHSE.000852,5396.312,2018-07-11 00:00:00+08:00
SHSE.000852,5541.3604,2018-07-12 00:00:00+08:00
SHSE.000852,5561.6851,2018-07-13 00:00:00+08:00
SHSE.000852,5566.9595,2018-07-16 00:00:00+08:00
SHSE.000852,5575.4741,2018-07-17 00:00:00+08:00
SHSE.000852,5544.5186,2018-07-18 00:00:00+08:00
SHSE.000852,5480.7671,2018-07-19 00:00:00+08:00
SHSE.000852,5541.2119,2018-07-20 00:00:00+08:00
SHSE.000852,5582.3071,2018-07-23 00:00:00+08:00
SHSE.000852,5672.2217,2018-07-24 00:00:00+08:00
SHSE.000852,5685.5864,2018-07-25 00:00:00+08:00
SHSE.000852,5663.1777,2018-07-26 00:00:00+08:00
SHSE.000852,5630.2271,2018-07-27 00:00:00+08:00
SHSE.000852,5549.0371,2018-07-30 00:00:00+08:00
SHSE.000852,5542.5435,2018-07-31 00:00:00+08:00
SHSE.000852,5456.2056,2018-08-01 00:00:00+08:00
SHSE.000852,5325.8013,2018-08-02 00:00:00+08:00
SHSE.000852,5255.6309,2018-08-03 00:00:00+08:00
SHSE.000852,5144.6421,2018-08-06 00:00:00+08:00
SHSE.000852,5279.6416,2018-08-07 00:00:00+08:00
SHSE.000852,5191.7861,2018-08-08 00:00:00+08:00
SHSE.000852,5307.9668,2018-08-09 00:00:00+08:00
SHSE.000852,5342.0469,2018-08-10 00:00:00+08:00
SHSE.000852,5369.1758,2018-08-13 00:00:00+08:00
SHSE.000852,5351.0186,2018-08-14 00:00:00+08:00
SHSE.000852,5242.0864,2018-08-15 00:00:00+08:00
SHSE.000852,5178.2373,2018-08-16 00:00:00+08:00
SHSE.000852,5084.207,2018-08-17 00:00:00+08:00
SHSE.000852,5103.6343,2018-08-20 00:00:00+08:00
SHSE.000852,5162.0264,2018-08-21 00:00:00+08:00
SHSE.000852,5102.3594,2018-08-22 00:00:00+08:00
SHSE.000852,5133.3286,2018-08-23 00:00:00+08:00
SHSE.000852,5116.1392,2018-08-24 00:00:00+08:00
SHSE.000852,5229.3613,2018-08-27 00:00:00+08:00
SHSE.000852,5233.5029,2018-08-28 00:00:00+08:00
SHSE.000852,5203.7119,2018-08-29 00:00:00+08:00
SHSE.000852,5114.2661,2018-08-30 00:00:00+08:00
SHSE.000852,5057.9849,2018-08-31 00:00:00+08:00
SHSE.000852,5054.105,2018-09-03 00:00:00+08:00
SHSE.000852,5113.1475,2018-09-04 00:00:00+08:00
SHSE.000852,5032.502,2018-09-05 00:00:00+08:00
SHSE.000852,5012.5093,2018-09-06 00:00:00+08:00
SHSE.000852,5022.2842,2018-09-07 00:00:00+08:00
SHSE.000852,4923.6445,2018-09-10 00:00:00+08:00
SHSE.000852,4925.3008,2018-09-11 00:00:00+08:00
SHSE.000852,4919.8057,2018-09-12 00:00:00+08:00
SHSE.000852,4958.165,2018-09-13 00:00:00+08:00
SHSE.000852,4907.9341,2018-09-14 00:00:00+08:00
SHSE.000852,4831.563,2018-09-17 00:00:00+08:00
SHSE.000852,4917.3506,2018-09-18 00:00:00+08:00
SHSE.000852,4970.0122,2018-09-19 00:00:00+08:00
SHSE.000852,4951.585,2018-09-20 00:00:00+08:00
SHSE.000852,5011.6909,2018-09-21 00:00:00+08:00
SHSE.000852,4995.6953,2018-09-25 00:00:00+08:00
SHSE.000852,5017.0581,2018-09-26 00:00:00+08:00
SHSE.000852,4945.6909,2018-09-27 00:00:00+08:00
SHSE.000852,4987.2725,2018-09-28 00:00:00+08:00
SHSE.000852,4817.4336,2018-10-08 00:00:00+08:00
SHSE.000852,4818.7329,2018-10-09 00:00:00+08:00
SHSE.000852,4812.4268,2018-10-10 00:00:00+08:00
SHSE.000852,4456.6084,2018-10-11 00:00:00+08:00
SHSE.000852,4427.6802,2018-10-12 00:00:00+08:00
SHSE.000852,4358.8691,2018-10-15 00:00:00+08:00
SHSE.000852,4261.1733,2018-10-16 00:00:00+08:00
SHSE.000852,4292.1963,2018-10-17 00:00:00+08:00
SHSE.000852,4149.4443,2018-10-18 00:00:00+08:00
SHSE.000852,4241.2334,2018-10-19 00:00:00+08:00
SHSE.000852,4452.7368,2018-10-22 00:00:00+08:00
SHSE.000852,4379.0557,2018-10-23 00:00:00+08:00
SHSE.000852,4377.5508,2018-10-24 00:00:00+08:00
SHSE.000852,4345.3271,2018-10-25 00:00:00+08:00
SHSE.000852,4359.4746,2018-10-26 00:00:00+08:00
SHSE.000852,4296.6992,2018-10-29 00:00:00+08:00
SHSE.000852,4336.6499,2018-10-30 00:00:00+08:00
SHSE.000852,4400.6133,2018-10-31 00:00:00+08:00
SHSE.000852,4428.7363,2018-11-01 00:00:00+08:00
SHSE.000852,4564.1772,2018-11-02 00:00:00+08:00
SHSE.000852,4598.2012,2018-11-05 00:00:00+08:00
SHSE.000852,4603.1084,2018-11-06 00:00:00+08:00
SHSE.000852,4592.8354,2018-11-07 00:00:00+08:00
SHSE.000852,4572.3779,2018-11-08 00:00:00+08:00
SHSE.000852,4561.2129,2018-11-09 00:00:00+08:00
SHSE.000852,4697.3457,2018-11-12 00:00:00+08:00
SHSE.000852,4790.4482,2018-11-13 00:00:00+08:00
SHSE.000852,4791.2261,2018-11-14 00:00:00+08:00
SHSE.000852,4871.0889,2018-11-15 00:00:00+08:00
SHSE.000852,4923.9863,2018-11-16 00:00:00+08:00
SHSE.000852,4942.4917,2018-11-19 00:00:00+08:00
SHSE.000852,4811.8818,2018-11-20 00:00:00+08:00
SHSE.000852,4847.0361,2018-11-21 00:00:00+08:00
SHSE.000852,4850.1309,2018-11-22 00:00:00+08:00
SHSE.000852,4642.1172,2018-11-23 00:00:00+08:00
SHSE.000852,4633.7314,2018-11-26 00:00:00+08:00
SHSE.000852,4671.644,2018-11-27 00:00:00+08:00
SHSE.000852,4728.5757,2018-11-28 00:00:00+08:00
SHSE.000852,4617.3481,2018-11-29 00:00:00+08:00
SHSE.000852,4648.1836,2018-11-30 00:00:00+08:00
SHSE.000852,4802.2935,2018-12-03 00:00:00+08:00
SHSE.000852,4846.1694,2018-12-04 00:00:00+08:00
SHSE.000852,4816.9917,2018-12-05 00:00:00+08:00
SHSE.000852,4730.9126,2018-12-06 00:00:00+08:00
SHSE.000852,4731.9019,2018-12-07 00:00:00+08:00
SHSE.000852,4676.6152,2018-12-10 00:00:00+08:00
SHSE.000852,4720.4692,2018-12-11 00:00:00+08:00
SHSE.000852,4718.8218,2018-12-12 00:00:00+08:00
SHSE.000852,4763.7168,2018-12-13 00:00:00+08:00
SHSE.000852,4641.8882,2018-12-14 00:00:00+08:00
SHSE.000852,4627.228,2018-12-17 00:00:00+08:00
SHSE.000852,4596.6099,2018-12-18 00:00:00+08:00
SHSE.000852,4533.3965,2018-12-19 00:00:00+08:00
SHSE.000852,4550.5972,2018-12-20 00:00:00+08:00
SHSE.000852,4517.7798,2018-12-21 00:00:00+08:00
SHSE.000852,4558.3174,2018-12-24 00:00:00+08:00
SHSE.000852,4514.6177,2018-12-25 00:00:00+08:00
SHSE.000852,4494.4976,2018-12-26 00:00:00+08:00
SHSE.000852,4424.6533,2018-12-27 00:00:00+08:00
SHSE.000852,4430.0239,2018-12-28 00:00:00+08:00
SHSE.000852,4408.5254,2019-01-02 00:00:00+08:00
SHSE.000852,4376.8584,2019-01-03 00:00:00+08:00
SHSE.000852,4497.8931,2019-01-04 00:00:00+08:00
SHSE.000852,4594.1484,2019-01-07 00:00:00+08:00
SHSE.000852,4585.0327,2019-01-08 00:00:00+08:00
SHSE.000852,4594.7383,2019-01-09 00:00:00+08:00
SHSE.000852,4582.4829,2019-01-10 00:00:00+08:00
SHSE.000852,4621.6108,2019-01-11 00:00:00+08:00
SHSE.000852,4594.1899,2019-01-14 00:00:00+08:00
SHSE.000852,4644.1665,2019-01-15 00:00:00+08:00
SHSE.000852,4637.1968,2019-01-16 00:00:00+08:00
SHSE.000852,4595.4902,2019-01-17 00:00:00+08:00
SHSE.000852,4626.4131,2019-01-18 00:00:00+08:00
SHSE.000852,4655.1104,2019-01-21 00:00:00+08:00
SHSE.000852,4603.2026,2019-01-22 00:00:00+08:00
SHSE.000852,4609.6724,2019-01-23 00:00:00+08:00
SHSE.000852,4635.7471,2019-01-24 00:00:00+08:00
SHSE.000852,4607.9448,2019-01-25 00:00:00+08:00
SHSE.000852,4570.3994,2019-01-28 00:00:00+08:00
SHSE.000852,4490.0513,2019-01-29 00:00:00+08:00
SHSE.000852,4423.1357,2019-01-30 00:00:00+08:00
SHSE.000852,4355.7358,2019-01-31 00:00:00+08:00
SHSE.000852,4482.9854,2019-02-01 00:00:00+08:00
SHSE.000852,4611.8296,2019-02-11 00:00:00+08:00
SHSE.000852,4675.792,2019-02-12 00:00:00+08:00
SHSE.000852,4759.8257,2019-02-13 00:00:00+08:00
SHSE.000852,4780.0439,2019-02-14 00:00:00+08:00
SHSE.000852,4773.5142,2019-02-15 00:00:00+08:00
SHSE.000852,4942.876,2019-02-18 00:00:00+08:00
SHSE.000852,4963.751,2019-02-19 00:00:00+08:00
SHSE.000852,4967.0396,2019-02-20 00:00:00+08:00
SHSE.000852,4947.6582,2019-02-21 00:00:00+08:00
SHSE.000852,5059.5093,2019-02-22 00:00:00+08:00
SHSE.000852,5324.2471,2019-02-25 00:00:00+08:00
SHSE.000852,5323.7573,2019-02-26 00:00:00+08:00
SHSE.000852,5310.2744,2019-02-27 00:00:00+08:00
SHSE.000852,5330.3394,2019-02-28 00:00:00+08:00
SHSE.000852,5364.3662,2019-03-01 00:00:00+08:00
SHSE.000852,5482.2983,2019-03-04 00:00:00+08:00
SHSE.000852,5654.3057,2019-03-05 00:00:00+08:00
SHSE.000852,5776.9731,2019-03-06 00:00:00+08:00
SHSE.000852,5877.2974,2019-03-07 00:00:00+08:00
SHSE.000852,5633.3188,2019-03-08 00:00:00+08:00
SHSE.000852,5876.3418,2019-03-11 00:00:00+08:00
SHSE.000852,6006.1777,2019-03-12 00:00:00+08:00
SHSE.000852,5866.6333,2019-03-13 00:00:00+08:00
SHSE.000852,5688.9502,2019-03-14 00:00:00+08:00
SHSE.000852,5777.1084,2019-03-15 00:00:00+08:00
SHSE.000852,5916.3438,2019-03-18 00:00:00+08:00
SHSE.000852,5941.9087,2019-03-19 00:00:00+08:00
SHSE.000852,5926.1694,2019-03-20 00:00:00+08:00
SHSE.000852,5990.6387,2019-03-21 00:00:00+08:00
SHSE.000852,6014.5459,2019-03-22 00:00:00+08:00
SHSE.000852,5961.4351,2019-03-25 00:00:00+08:00
SHSE.000852,5788.3599,2019-03-26 00:00:00+08:00
SHSE.000852,5826.5269,2019-03-27 00:00:00+08:00
SHSE.000852,5747.8633,2019-03-28 00:00:00+08:00
SHSE.000852,5911.2119,2019-03-29 00:00:00+08:00
SHSE.000852,6137.7334,2019-04-01 00:00:00+08:00
SHSE.000852,6174.9424,2019-04-02 00:00:00+08:00
SHSE.000852,6237.0161,2019-04-03 00:00:00+08:00
SHSE.000852,6260.0693,2019-04-04 00:00:00+08:00
SHSE.000852,6230.2139,2019-04-08 00:00:00+08:00
SHSE.000852,6245.4321,2019-04-09 00:00:00+08:00
SHSE.000852,6235.7065,2019-04-10 00:00:00+08:00
SHSE.000852,6106.9497,2019-04-11 00:00:00+08:00
SHSE.000852,6101.2046,2019-04-12 00:00:00+08:00
SHSE.000852,6052.0527,2019-04-15 00:00:00+08:00
SHSE.000852,6179.8008,2019-04-16 00:00:00+08:00
SHSE.000852,6234.1108,2019-04-17 00:00:00+08:00
SHSE.000852,6202.8447,2019-04-18 00:00:00+08:00
SHSE.000852,6255.252,2019-04-19 00:00:00+08:00
SHSE.000852,6192.144,2019-04-22 00:00:00+08:00
SHSE.000852,6078.2671,2019-04-23 00:00:00+08:00
SHSE.000852,6153.3906,2019-04-24 00:00:00+08:00
SHSE.000852,5899.9067,2019-04-25 00:00:00+08:00
SHSE.000852,5834.3774,2019-04-26 00:00:00+08:00
SHSE.000852,5622.4844,2019-04-29 00:00:00+08:00
SHSE.000852,5682.2358,2019-04-30 00:00:00+08:00
SHSE.000852,5246.8301,2019-05-06 00:00:00+08:00
SHSE.000852,5312.4961,2019-05-07 00:00:00+08:00
SHSE.000852,5292.7461,2019-05-08 00:00:00+08:00
SHSE.000852,5237.8247,2019-05-09 00:00:00+08:00
SHSE.000852,5445.5264,2019-05-10 00:00:00+08:00
SHSE.000852,5405.6147,2019-05-13 00:00:00+08:00
SHSE.000852,5368.229,2019-05-14 00:00:00+08:00
SHSE.000852,5486.3867,2019-05-15 00:00:00+08:00
SHSE.000852,5527.2749,2019-05-16 00:00:00+08:00
SHSE.000852,5330.9863,2019-05-17 00:00:00+08:00
SHSE.000852,5313.1489,2019-05-20 00:00:00+08:00
SHSE.000852,5418.0454,2019-05-21 00:00:00+08:00
SHSE.000852,5395.4297,2019-05-22 00:00:00+08:00
SHSE.000852,5267.8267,2019-05-23 00:00:00+08:00
SHSE.000852,5200.7739,2019-05-24 00:00:00+08:00
SHSE.000852,5354.6338,2019-05-27 00:00:00+08:00
SHSE.000852,5354.5254,2019-05-28 00:00:00+08:00
SHSE.000852,5376.5127,2019-05-29 00:00:00+08:00
SHSE.000852,5341.9805,2019-05-30 00:00:00+08:00
SHSE.000852,5334.2476,2019-05-31 00:00:00+08:00
SHSE.000852,5255.0737,2019-06-03 00:00:00+08:00
SHSE.000852,5160.9771,2019-06-04 00:00:00+08:00
SHSE.000852,5158.4653,2019-06-05 00:00:00+08:00
SHSE.000852,5030.8003,2019-06-06 00:00:00+08:00
SHSE.000852,5098.9385,2019-06-10 00:00:00+08:00
SHSE.000852,5289.6245,2019-06-11 00:00:00+08:00
SHSE.000852,5264.8862,2019-06-12 00:00:00+08:00
SHSE.000852,5294.1123,2019-06-13 00:00:00+08:00
SHSE.000852,5173.0684,2019-06-14 00:00:00+08:00
SHSE.000852,5160.6724,2019-06-17 00:00:00+08:00
SHSE.000852,5160.8784,2019-06-18 00:00:00+08:00
SHSE.000852,5234.2754,2019-06-19 00:00:00+08:00
SHSE.000852,5317.3101,2019-06-20 00:00:00+08:00
SHSE.000852,5406.04,2019-06-21 00:00:00+08:00
SHSE.000852,5403.7983,2019-06-24 00:00:00+08:00
SHSE.000852,5351.6899,2019-06-25 00:00:00+08:00
SHSE.000852,5351.3911,2019-06-26 00:00:00+08:00
SHSE.000852,5397.5713,2019-06-27 00:00:00+08:00
SHSE.000852,5321.4331,2019-06-28 00:00:00+08:00
SHSE.000852,5481.4087,2019-07-01 00:00:00+08:00
SHSE.000852,5483.5151,2019-07-02 00:00:00+08:00
SHSE.000852,5428.5142,2019-07-03 00:00:00+08:00
SHSE.000852,5404.3838,2019-07-04 00:00:00+08:00
SHSE.000852,5424.2505,2019-07-05 00:00:00+08:00
SHSE.000852,5244.2661,2019-07-08 00:00:00+08:00
SHSE.000852,5260.3433,2019-07-09 00:00:00+08:00
SHSE.000852,5214.644,2019-07-10 00:00:00+08:00
SHSE.000852,5206.3984,2019-07-11 00:00:00+08:00
SHSE.000852,5219.189,2019-07-12 00:00:00+08:00
SHSE.000852,5273.8149,2019-07-15 00:00:00+08:00
SHSE.000852,5285.229,2019-07-16 00:00:00+08:00
SHSE.000852,5289.4243,2019-07-17 00:00:00+08:00
SHSE.000852,5194.6016,2019-07-18 00:00:00+08:00
SHSE.000852,5220.0273,2019-07-19 00:00:00+08:00
SHSE.000852,5073.333,2019-07-22 00:00:00+08:00
SHSE.000852,5131.0972,2019-07-23 00:00:00+08:00
SHSE.000852,5194.8291,2019-07-24 00:00:00+08:00
SHSE.000852,5211.0859,2019-07-25 00:00:00+08:00
SHSE.000852,5216.6016,2019-07-26 00:00:00+08:00
SHSE.000852,5218.9829,2019-07-29 00:00:00+08:00
SHSE.000852,5239.7183,2019-07-30 00:00:00+08:00
SHSE.000852,5200.0947,2019-07-31 00:00:00+08:00
SHSE.000852,5173.229,2019-08-01 00:00:00+08:00
SHSE.000852,5091.0635,2019-08-02 00:00:00+08:00
SHSE.000852,5032.6421,2019-08-05 00:00:00+08:00
SHSE.000852,4899.8159,2019-08-06 00:00:00+08:00
SHSE.000852,4885.4399,2019-08-07 00:00:00+08:00
SHSE.000852,4923.3267,2019-08-08 00:00:00+08:00
SHSE.000852,4869.7925,2019-08-09 00:00:00+08:00
SHSE.000852,4952.2173,2019-08-12 00:00:00+08:00
SHSE.000852,4928.4648,2019-08-13 00:00:00+08:00
SHSE.000852,4961.7505,2019-08-14 00:00:00+08:00
SHSE.000852,4985.4214,2019-08-15 00:00:00+08:00
SHSE.000852,5013.5825,2019-08-16 00:00:00+08:00
SHSE.000852,5173.1768,2019-08-19 00:00:00+08:00
SHSE.000852,5185.2651,2019-08-20 00:00:00+08:00
SHSE.000852,5186.6216,2019-08-21 00:00:00+08:00
SHSE.000852,5208.5518,2019-08-22 00:00:00+08:00
SHSE.000852,5197.5483,2019-08-23 00:00:00+08:00
SHSE.000852,5168.6797,2019-08-26 00:00:00+08:00
SHSE.000852,5266.6577,2019-08-27 00:00:00+08:00
SHSE.000852,5256.1772,2019-08-28 00:00:00+08:00
SHSE.000852,5260.9497,2019-08-29 00:00:00+08:00
SHSE.000852,5182.9556,2019-08-30 00:00:00+08:00
SHSE.000852,5317.5332,2019-09-02 00:00:00+08:00
SHSE.000852,5357.0601,2019-09-03 00:00:00+08:00
SHSE.000852,5394.7065,2019-09-04 00:00:00+08:00
SHSE.000852,5445.5742,2019-09-05 00:00:00+08:00
SHSE.000852,5468.459,2019-09-06 00:00:00+08:00
SHSE.000852,5602.2417,2019-09-09 00:00:00+08:00
SHSE.000852,5614.5757,2019-09-10 00:00:00+08:00
SHSE.000852,5566.4082,2019-09-11 00:00:00+08:00
SHSE.000852,5592.9214,2019-09-12 00:00:00+08:00
SHSE.000852,5627.2354,2019-09-16 00:00:00+08:00
SHSE.000852,5492.2222,2019-09-17 00:00:00+08:00
SHSE.000852,5485.8789,2019-09-18 00:00:00+08:00
SHSE.000852,5550.4072,2019-09-19 00:00:00+08:00
SHSE.000852,5556.4775,2019-09-20 00:00:00+08:00
SHSE.000852,5501.2148,2019-09-23 00:00:00+08:00
SHSE.000852,5528.8931,2019-09-24 00:00:00+08:00
SHSE.000852,5421.6245,2019-09-25 00:00:00+08:00
SHSE.000852,5244.0767,2019-09-26 00:00:00+08:00
SHSE.000852,5291.436,2019-09-27 00:00:00+08:00
SHSE.000852,5232.3867,2019-09-30 00:00:00+08:00
SHSE.000852,5237.1816,2019-10-08 00:00:00+08:00
SHSE.000852,5285.1494,2019-10-09 00:00:00+08:00
SHSE.000852,5366.9253,2019-10-10 00:00:00+08:00
SHSE.000852,5370.6543,2019-10-11 00:00:00+08:00
SHSE.000852,5455.6064,2019-10-14 00:00:00+08:00
SHSE.000852,5375.5288,2019-10-15 00:00:00+08:00
SHSE.000852,5353.0156,2019-10-16 00:00:00+08:00
SHSE.000852,5347.2671,2019-10-17 00:00:00+08:00
SHSE.000852,5280.5322,2019-10-18 00:00:00+08:00
SHSE.000852,5247.2983,2019-10-21 00:00:00+08:00
SHSE.000852,5312.4585,2019-10-22 00:00:00+08:00
SHSE.000852,5269.7227,2019-10-23 00:00:00+08:00
SHSE.000852,5259.4546,2019-10-24 00:00:00+08:00
SHSE.000852,5300.0942,2019-10-25 00:00:00+08:00
SHSE.000852,5425.7544,2019-10-28 00:00:00+08:00
SHSE.000852,5366.7544,2019-10-29 00:00:00+08:00
SHSE.000852,5313.4165,2019-10-30 00:00:00+08:00
SHSE.000852,5253.8809,2019-10-31 00:00:00+08:00
SHSE.000852,5303.9907,2019-11-01 00:00:00+08:00
SHSE.000852,5337.083,2019-11-04 00:00:00+08:00
SHSE.000852,5352.061,2019-11-05 00:00:00+08:00
SHSE.000852,5304.8379,2019-11-06 00:00:00+08:00
SHSE.000852,5340.1709,2019-11-07 00:00:00+08:00
SHSE.000852,5321.7778,2019-11-08 00:00:00+08:00
SHSE.000852,5183.5713,2019-11-11 00:00:00+08:00
SHSE.000852,5196.7153,2019-11-12 00:00:00+08:00
SHSE.000852,5181.4922,2019-11-13 00:00:00+08:00
SHSE.000852,5216.6436,2019-11-14 00:00:00+08:00
SHSE.000852,5152.5635,2019-11-15 00:00:00+08:00
SHSE.000852,5189.3521,2019-11-18 00:00:00+08:00
SHSE.000852,5286.1489,2019-11-19 00:00:00+08:00
SHSE.000852,5259.4697,2019-11-20 00:00:00+08:00
SHSE.000852,5250.665,2019-11-21 00:00:00+08:00
SHSE.000852,5181.1094,2019-11-22 00:00:00+08:00
SHSE.000852,5151.3682,2019-11-25 00:00:00+08:00
SHSE.000852,5147.728,2019-11-26 00:00:00+08:00
SHSE.000852,5145.9668,2019-11-27 00:00:00+08:00
SHSE.000852,5131.1284,2019-11-28 00:00:00+08:00
SHSE.000852,5126.6147,2019-11-29 00:00:00+08:00
SHSE.000852,5137.7837,2019-12-02 00:00:00+08:00
SHSE.000852,5171.356,2019-12-03 00:00:00+08:00
SHSE.000852,5179.6943,2019-12-04 00:00:00+08:00
SHSE.000852,5238.1304,2019-12-05 00:00:00+08:00
SHSE.000852,5275.5098,2019-12-06 00:00:00+08:00
SHSE.000852,5294.2817,2019-12-09 00:00:00+08:00
SHSE.000852,5326.3608,2019-12-10 00:00:00+08:00
SHSE.000852,5304.8818,2019-12-11 00:00:00+08:00
SHSE.000852,5304.4233,2019-12-12 00:00:00+08:00
SHSE.000852,5375.9766,2019-12-13 00:00:00+08:00
SHSE.000852,5476.9883,2019-12-16 00:00:00+08:00
SHSE.000852,5545.6182,2019-12-17 00:00:00+08:00
SHSE.000852,5543.7871,2019-12-18 00:00:00+08:00
SHSE.000852,5568.1128,2019-12-19 00:00:00+08:00
SHSE.000852,5501.1577,2019-12-20 00:00:00+08:00
SHSE.000852,5377.0869,2019-12-23 00:00:00+08:00
SHSE.000852,5471.7354,2019-12-24 00:00:00+08:00
SHSE.000852,5504.417,2019-12-25 00:00:00+08:00
SHSE.000852,5543.6641,2019-12-26 00:00:00+08:00
SHSE.000852,5498.9253,2019-12-27 00:00:00+08:00
SHSE.000852,5529.9961,2019-12-30 00:00:00+08:00
SHSE.000852,5567.0332,2019-12-31 00:00:00+08:00
SHSE.000852,5676.5581,2020-01-02 00:00:00+08:00
SHSE.000852,5706.0439,2020-01-03 00:00:00+08:00
SHSE.000852,5764.7334,2020-01-06 00:00:00+08:00
SHSE.000852,5852.3608,2020-01-07 00:00:00+08:00
SHSE.000852,5772.4741,2020-01-08 00:00:00+08:00
SHSE.000852,5864.1821,2020-01-09 00:00:00+08:00
SHSE.000852,5851.8926,2020-01-10 00:00:00+08:00
SHSE.000852,5926.7222,2020-01-13 00:00:00+08:00
SHSE.000852,5914.1133,2020-01-14 00:00:00+08:00
SHSE.000852,5913.5181,2020-01-15 00:00:00+08:00
SHSE.000852,5902.1318,2020-01-16 00:00:00+08:00
SHSE.000852,5879.4121,2020-01-17 00:00:00+08:00
SHSE.000852,5954.8667,2020-01-20 00:00:00+08:00
SHSE.000852,5901.8589,2020-01-21 00:00:00+08:00
SHSE.000852,5919.5869,2020-01-22 00:00:00+08:00
SHSE.000852,5699.0083,2020-01-23 00:00:00+08:00
SHSE.000852,5200.1626,2020-02-03 00:00:00+08:00
SHSE.000852,5212.1001,2020-02-04 00:00:00+08:00
SHSE.000852,5348.3408,2020-02-05 00:00:00+08:00
SHSE.000852,5515.6411,2020-02-06 00:00:00+08:00
SHSE.000852,5583.5957,2020-02-07 00:00:00+08:00
SHSE.000852,5661.562,2020-02-10 00:00:00+08:00
SHSE.000852,5623.2588,2020-02-11 00:00:00+08:00
SHSE.000852,5754.2578,2020-02-12 00:00:00+08:00
SHSE.000852,5707.5327,2020-02-13 00:00:00+08:00
SHSE.000852,5727.8291,2020-02-14 00:00:00+08:00
SHSE.000852,5936.4829,2020-02-17 00:00:00+08:00
SHSE.000852,6072.1934,2020-02-18 00:00:00+08:00
SHSE.000852,6018.0503,2020-02-19 00:00:00+08:00
SHSE.000852,6134.3882,2020-02-20 00:00:00+08:00
SHSE.000852,6243.4785,2020-02-21 00:00:00+08:00
SHSE.000852,6380.4146,2020-02-24 00:00:00+08:00
SHSE.000852,6407.1436,2020-02-25 00:00:00+08:00
SHSE.000852,6221.835,2020-02-26 00:00:00+08:00
SHSE.000852,6232.0889,2020-02-27 00:00:00+08:00
SHSE.000852,5870.9663,2020-02-28 00:00:00+08:00
SHSE.000852,6113.4111,2020-03-02 00:00:00+08:00
SHSE.000852,6195.8916,2020-03-03 00:00:00+08:00
SHSE.000852,6226.5332,2020-03-04 00:00:00+08:00
SHSE.000852,6315.835,2020-03-05 00:00:00+08:00
SHSE.000852,6296.7383,2020-03-06 00:00:00+08:00
SHSE.000852,6049.6211,2020-03-09 00:00:00+08:00
SHSE.000852,6206.4082,2020-03-10 00:00:00+08:00
SHSE.000852,6122.9092,2020-03-11 00:00:00+08:00
SHSE.000852,5999.6396,2020-03-12 00:00:00+08:00
SHSE.000852,5945.4644,2020-03-13 00:00:00+08:00
SHSE.000852,5657.7749,2020-03-16 00:00:00+08:00
SHSE.000852,5642.9189,2020-03-17 00:00:00+08:00
SHSE.000852,5556.1084,2020-03-18 00:00:00+08:00
SHSE.000852,5617.1948,2020-03-19 00:00:00+08:00
SHSE.000852,5670.4712,2020-03-20 00:00:00+08:00
SHSE.000852,5416.5708,2020-03-23 00:00:00+08:00
SHSE.000852,5517.2554,2020-03-24 00:00:00+08:00
SHSE.000852,5646.625,2020-03-25 00:00:00+08:00
SHSE.000852,5595.4331,2020-03-26 00:00:00+08:00
SHSE.000852,5553.6123,2020-03-27 00:00:00+08:00
SHSE.000852,5415.4106,2020-03-30 00:00:00+08:00
SHSE.000852,5427.1323,2020-03-31 00:00:00+08:00
SHSE.000852,5403.3032,2020-04-01 00:00:00+08:00
SHSE.000852,5538.604,2020-04-02 00:00:00+08:00
SHSE.000852,5507.1187,2020-04-03 00:00:00+08:00
SHSE.000852,5695.1689,2020-04-07 00:00:00+08:00
SHSE.000852,5718.1284,2020-04-08 00:00:00+08:00
SHSE.000852,5789.2646,2020-04-09 00:00:00+08:00
SHSE.000852,5637.5317,2020-04-10 00:00:00+08:00
SHSE.000852,5578.856,2020-04-13 00:00:00+08:00
SHSE.000852,5692.001,2020-04-14 00:00:00+08:00
SHSE.000852,5657.9482,2020-04-15 00:00:00+08:00
SHSE.000852,5700.9604,2020-04-16 00:00:00+08:00
SHSE.000852,5710.0532,2020-04-17 00:00:00+08:00
SHSE.000852,5803.4023,2020-04-20 00:00:00+08:00
SHSE.000852,5773.0078,2020-04-21 00:00:00+08:00
SHSE.000852,5826.5596,2020-04-22 00:00:00+08:00
SHSE.000852,5789.4819,2020-04-23 00:00:00+08:00
SHSE.000852,5675.5098,2020-04-24 00:00:00+08:00
SHSE.000852,5645.6567,2020-04-27 00:00:00+08:00
SHSE.000852,5561.1978,2020-04-28 00:00:00+08:00
SHSE.000852,5547.6279,2020-04-29 00:00:00+08:00
SHSE.000852,5678.166,2020-04-30 00:00:00+08:00
SHSE.000852,5802.4185,2020-05-06 00:00:00+08:00
SHSE.000852,5795.8721,2020-05-07 00:00:00+08:00
SHSE.000852,5862.7666,2020-05-08 00:00:00+08:00
SHSE.000852,5851.8037,2020-05-11 00:00:00+08:00
SHSE.000852,5869.5063,2020-05-12 00:00:00+08:00
SHSE.000852,5917.0269,2020-05-13 00:00:00+08:00
SHSE.000852,5863.2363,2020-05-14 00:00:00+08:00
SHSE.000852,5889.9766,2020-05-15 00:00:00+08:00
SHSE.000852,5860.0425,2020-05-18 00:00:00+08:00
SHSE.000852,5936.5991,2020-05-19 00:00:00+08:00
SHSE.000852,5865.8413,2020-05-20 00:00:00+08:00
SHSE.000852,5791.6401,2020-05-21 00:00:00+08:00
SHSE.000852,5683.9961,2020-05-22 00:00:00+08:00
SHSE.000852,5671.9722,2020-05-25 00:00:00+08:00
SHSE.000852,5808.5488,2020-05-26 00:00:00+08:00
SHSE.000852,5772.0835,2020-05-27 00:00:00+08:00
SHSE.000852,5758.9272,2020-05-28 00:00:00+08:00
SHSE.000852,5816.4004,2020-05-29 00:00:00+08:00
SHSE.000852,5993.7852,2020-06-01 00:00:00+08:00
SHSE.000852,6002.8364,2020-06-02 00:00:00+08:00
SHSE.000852,5994.6377,2020-06-03 00:00:00+08:00
SHSE.000852,6006.7646,2020-06-04 00:00:00+08:00
SHSE.000852,6015.3276,2020-06-05 00:00:00+08:00
SHSE.000852,6001.4316,2020-06-08 00:00:00+08:00
SHSE.000852,6042.3354,2020-06-09 00:00:00+08:00
SHSE.000852,6049.3218,2020-06-10 00:00:00+08:00
SHSE.000852,6027.4087,2020-06-11 00:00:00+08:00
SHSE.000852,6031.1709,2020-06-12 00:00:00+08:00
SHSE.000852,6028.9556,2020-06-15 00:00:00+08:00
SHSE.000852,6151.6855,2020-06-16 00:00:00+08:00
SHSE.000852,6178.1411,2020-06-17 00:00:00+08:00
SHSE.000852,6149.2891,2020-06-18 00:00:00+08:00
SHSE.000852,6187.1084,2020-06-19 00:00:00+08:00
SHSE.000852,6228.0161,2020-06-22 00:00:00+08:00
SHSE.000852,6238.897,2020-06-23 00:00:00+08:00
SHSE.000852,6227.5693,2020-06-24 00:00:00+08:00
SHSE.000852,6211.3813,2020-06-29 00:00:00+08:00
SHSE.000852,6319.5557,2020-06-30 00:00:00+08:00
SHSE.000852,6339.3687,2020-07-01 00:00:00+08:00
SHSE.000852,6413.9521,2020-07-02 00:00:00+08:00
SHSE.000852,6478.354,2020-07-03 00:00:00+08:00
SHSE.000852,6725.9961,2020-07-06 00:00:00+08:00
SHSE.000852,6817.8652,2020-07-07 00:00:00+08:00
SHSE.000852,6973.9966,2020-07-08 00:00:00+08:00
SHSE.000852,7182.1768,2020-07-09 00:00:00+08:00
SHSE.000852,7150.4243,2020-07-10 00:00:00+08:00
SHSE.000852,7403.0859,2020-07-13 00:00:00+08:00
SHSE.000852,7344.9878,2020-07-14 00:00:00+08:00
SHSE.000852,7131.4634,2020-07-15 00:00:00+08:00
SHSE.000852,6758.1401,2020-07-16 00:00:00+08:00
SHSE.000852,6772.5322,2020-07-17 00:00:00+08:00
SHSE.000852,7003.667,2020-07-20 00:00:00+08:00
SHSE.000852,7058.791,2020-07-21 00:00:00+08:00
SHSE.000852,7125.5684,2020-07-22 00:00:00+08:00
SHSE.000852,7119.6709,2020-07-23 00:00:00+08:00
SHSE.000852,6784.6348,2020-07-24 00:00:00+08:00
SHSE.000852,6786.5288,2020-07-27 00:00:00+08:00
SHSE.000852,6857.9429,2020-07-28 00:00:00+08:00
SHSE.000852,7060.5347,2020-07-29 00:00:00+08:00
SHSE.000852,7048.9814,2020-07-30 00:00:00+08:00
SHSE.000852,7141.5918,2020-07-31 00:00:00+08:00
SHSE.000852,7373.3413,2020-08-03 00:00:00+08:00
SHSE.000852,7326.1895,2020-08-04 00:00:00+08:00
SHSE.000852,7427.189,2020-08-05 00:00:00+08:00
SHSE.000852,7432.7661,2020-08-06 00:00:00+08:00
SHSE.000852,7339.8115,2020-08-07 00:00:00+08:00
SHSE.000852,7358.8618,2020-08-10 00:00:00+08:00
SHSE.000852,7213.4453,2020-08-11 00:00:00+08:00
SHSE.000852,7092.355,2020-08-12 00:00:00+08:00
SHSE.000852,7113.9297,2020-08-13 00:00:00+08:00
SHSE.000852,7183.958,2020-08-14 00:00:00+08:00
SHSE.000852,7339.6934,2020-08-17 00:00:00+08:00
SHSE.000852,7410.2412,2020-08-18 00:00:00+08:00
SHSE.000852,7256.1313,2020-08-19 00:00:00+08:00
SHSE.000852,7151.2612,2020-08-20 00:00:00+08:00
SHSE.000852,7194.2739,2020-08-21 00:00:00+08:00
SHSE.000852,7253.6401,2020-08-24 00:00:00+08:00
SHSE.000852,7213.6826,2020-08-25 00:00:00+08:00
SHSE.000852,7037.9775,2020-08-26 00:00:00+08:00
SHSE.000852,7113.8037,2020-08-27 00:00:00+08:00
SHSE.000852,7204.7817,2020-08-28 00:00:00+08:00
SHSE.000852,7224.0459,2020-08-31 00:00:00+08:00
SHSE.000852,7258.8872,2020-09-01 00:00:00+08:00
SHSE.000852,7272.6245,2020-09-02 00:00:00+08:00
SHSE.000852,7189.8608,2020-09-03 00:00:00+08:00
SHSE.000852,7182.1055,2020-09-04 00:00:00+08:00
SHSE.000852,7057.1943,2020-09-07 00:00:00+08:00
SHSE.000852,7103.0864,2020-09-08 00:00:00+08:00
SHSE.000852,6877.6021,2020-09-09 00:00:00+08:00
SHSE.000852,6633.8901,2020-09-10 00:00:00+08:00
SHSE.000852,6742.0596,2020-09-11 00:00:00+08:00
SHSE.000852,6848.3584,2020-09-14 00:00:00+08:00
SHSE.000852,6881.5859,2020-09-15 00:00:00+08:00
SHSE.000852,6812.9116,2020-09-16 00:00:00+08:00
SHSE.000852,6825.1523,2020-09-17 00:00:00+08:00
SHSE.000852,6929.7671,2020-09-18 00:00:00+08:00
SHSE.000852,6927.1899,2020-09-21 00:00:00+08:00
SHSE.000852,6815.7769,2020-09-22 00:00:00+08:00
SHSE.000852,6862.9653,2020-09-23 00:00:00+08:00
SHSE.000852,6675.1519,2020-09-24 00:00:00+08:00
SHSE.000852,6634.3887,2020-09-25 00:00:00+08:00
SHSE.000852,6550.3691,2020-09-28 00:00:00+08:00
SHSE.000852,6621.0317,2020-09-29 00:00:00+08:00
SHSE.000852,6617.1587,2020-09-30 00:00:00+08:00
SHSE.000852,6822.3647,2020-10-09 00:00:00+08:00
SHSE.000852,7036.2754,2020-10-12 00:00:00+08:00
SHSE.000852,7053.8711,2020-10-13 00:00:00+08:00
SHSE.000852,6988.6089,2020-10-14 00:00:00+08:00
SHSE.000852,6926.8462,2020-10-15 00:00:00+08:00
SHSE.000852,6906.3882,2020-10-16 00:00:00+08:00
SHSE.000852,6858.356,2020-10-19 00:00:00+08:00
SHSE.000852,6923.3843,2020-10-20 00:00:00+08:00
SHSE.000852,6815.0928,2020-10-21 00:00:00+08:00
SHSE.000852,6771.8071,2020-10-22 00:00:00+08:00
SHSE.000852,6641.3291,2020-10-23 00:00:00+08:00
SHSE.000852,6648.521,2020-10-26 00:00:00+08:00
SHSE.000852,6682.5376,2020-10-27 00:00:00+08:00
SHSE.000852,6685.4292,2020-10-28 00:00:00+08:00
SHSE.000852,6674.7417,2020-10-29 00:00:00+08:00
SHSE.000852,6511.1577,2020-10-30 00:00:00+08:00
SHSE.000852,6513.7876,2020-11-02 00:00:00+08:00
SHSE.000852,6647.5752,2020-11-03 00:00:00+08:00
SHSE.000852,6632.6821,2020-11-04 00:00:00+08:00
SHSE.000852,6754.9497,2020-11-05 00:00:00+08:00
SHSE.000852,6688.6621,2020-11-06 00:00:00+08:00
SHSE.000852,6851.9834,2020-11-09 00:00:00+08:00
SHSE.000852,6779.4907,2020-11-10 00:00:00+08:00
SHSE.000852,6663.731,2020-11-11 00:00:00+08:00
SHSE.000852,6676.4219,2020-11-12 00:00:00+08:00
SHSE.000852,6686.3911,2020-11-13 00:00:00+08:00
SHSE.000852,6747.8105,2020-11-16 00:00:00+08:00
SHSE.000852,6681.7236,2020-11-17 00:00:00+08:00
SHSE.000852,6682.125,2020-11-18 00:00:00+08:00
SHSE.000852,6718.458,2020-11-19 00:00:00+08:00
SHSE.000852,6766.0605,2020-11-20 00:00:00+08:00
SHSE.000852,6807.7173,2020-11-23 00:00:00+08:00
SHSE.000852,6807.9976,2020-11-24 00:00:00+08:00
SHSE.000852,6691.874,2020-11-25 00:00:00+08:00
SHSE.000852,6643.1846,2020-11-26 00:00:00+08:00
SHSE.000852,6641.7734,2020-11-27 00:00:00+08:00
SHSE.000852,6622.3594,2020-11-30 00:00:00+08:00
SHSE.000852,6713.2305,2020-12-01 00:00:00+08:00
SHSE.000852,6735.7119,2020-12-02 00:00:00+08:00
SHSE.000852,6711.8428,2020-12-03 00:00:00+08:00
SHSE.000852,6746.6294,2020-12-04 00:00:00+08:00
SHSE.000852,6733.002,2020-12-07 00:00:00+08:00
SHSE.000852,6734.3721,2020-12-08 00:00:00+08:00
SHSE.000852,6602.5166,2020-12-09 00:00:00+08:00
SHSE.000852,6605.1914,2020-12-10 00:00:00+08:00
SHSE.000852,6498.2393,2020-12-11 00:00:00+08:00
SHSE.000852,6576.8159,2020-12-14 00:00:00+08:00
SHSE.000852,6596.5029,2020-12-15 00:00:00+08:00
SHSE.000852,6543.3623,2020-12-16 00:00:00+08:00
SHSE.000852,6597.8594,2020-12-17 00:00:00+08:00
SHSE.000852,6573.4038,2020-12-18 00:00:00+08:00
SHSE.000852,6691.5884,2020-12-21 00:00:00+08:00
SHSE.000852,6549.9692,2020-12-22 00:00:00+08:00
SHSE.000852,6601.2427,2020-12-23 00:00:00+08:00
SHSE.000852,6496.3257,2020-12-24 00:00:00+08:00
SHSE.000852,6561.2749,2020-12-25 00:00:00+08:00
SHSE.000852,6519.4712,2020-12-28 00:00:00+08:00
SHSE.000852,6477.2617,2020-12-29 00:00:00+08:00
SHSE.000852,6526.8784,2020-12-30 00:00:00+08:00
SHSE.000852,6646.4736,2020-12-31 00:00:00+08:00
SHSE.000852,6798.7642,2021-01-04 00:00:00+08:00
SHSE.000852,6807.4473,2021-01-05 00:00:00+08:00
SHSE.000852,6724.9502,2021-01-06 00:00:00+08:00
SHSE.000852,6616.5522,2021-01-07 00:00:00+08:00
SHSE.000852,6585.3589,2021-01-08 00:00:00+08:00
SHSE.000852,6475.9546,2021-01-11 00:00:00+08:00
SHSE.000852,6564.7354,2021-01-12 00:00:00+08:00
SHSE.000852,6513.6401,2021-01-13 00:00:00+08:00
SHSE.000852,6506.8267,2021-01-14 00:00:00+08:00
SHSE.000852,6528.4609,2021-01-15 00:00:00+08:00
SHSE.000852,6652.0962,2021-01-18 00:00:00+08:00
SHSE.000852,6614.0708,2021-01-19 00:00:00+08:00
SHSE.000852,6671.4487,2021-01-20 00:00:00+08:00
SHSE.000852,6745.1084,2021-01-21 00:00:00+08:00
SHSE.000852,6721.9165,2021-01-22 00:00:00+08:00
SHSE.000852,6657.2725,2021-01-25 00:00:00+08:00
SHSE.000852,6534.0972,2021-01-26 00:00:00+08:00
SHSE.000852,6537.7539,2021-01-27 00:00:00+08:00
SHSE.000852,6399.1265,2021-01-28 00:00:00+08:00
SHSE.000852,6304.1182,2021-01-29 00:00:00+08:00
SHSE.000852,6345.814,2021-02-01 00:00:00+08:00
SHSE.000852,6417.4609,2021-02-02 00:00:00+08:00
SHSE.000852,6307.3901,2021-02-03 00:00:00+08:00
SHSE.000852,6167.7466,2021-02-04 00:00:00+08:00
SHSE.000852,6045.2969,2021-02-05 00:00:00+08:00
SHSE.000852,6088.8188,2021-02-08 00:00:00+08:00
SHSE.000852,6254.0112,2021-02-09 00:00:00+08:00
SHSE.000852,6303.3066,2021-02-10 00:00:00+08:00
SHSE.000852,6404.5947,2021-02-18 00:00:00+08:00
SHSE.000852,6527.6465,2021-02-19 00:00:00+08:00
SHSE.000852,6534.5737,2021-02-22 00:00:00+08:00
SHSE.000852,6489.9614,2021-02-23 00:00:00+08:00
SHSE.000852,6437.8369,2021-02-24 00:00:00+08:00
SHSE.000852,6399.3467,2021-02-25 00:00:00+08:00
SHSE.000852,6325.4048,2021-02-26 00:00:00+08:00
SHSE.000852,6495.1567,2021-03-01 00:00:00+08:00
SHSE.000852,6466.6318,2021-03-02 00:00:00+08:00
SHSE.000852,6553.5962,2021-03-03 00:00:00+08:00
SHSE.000852,6434.894,2021-03-04 00:00:00+08:00
SHSE.000852,6456.2793,2021-03-05 00:00:00+08:00
SHSE.000852,6327.6494,2021-03-08 00:00:00+08:00
SHSE.000852,6126.2832,2021-03-09 00:00:00+08:00
SHSE.000852,6078.2441,2021-03-10 00:00:00+08:00
SHSE.000852,6219.6636,2021-03-11 00:00:00+08:00
SHSE.000852,6220.478,2021-03-12 00:00:00+08:00
SHSE.000852,6177.7383,2021-03-15 00:00:00+08:00
SHSE.000852,6233.4629,2021-03-16 00:00:00+08:00
SHSE.000852,6277.5815,2021-03-17 00:00:00+08:00
SHSE.000852,6298.8857,2021-03-18 00:00:00+08:00
SHSE.000852,6250.8149,2021-03-19 00:00:00+08:00
SHSE.000852,6359.6001,2021-03-22 00:00:00+08:00
SHSE.000852,6289.001,2021-03-23 00:00:00+08:00
SHSE.000852,6196.2671,2021-03-24 00:00:00+08:00
SHSE.000852,6190.7119,2021-03-25 00:00:00+08:00
SHSE.000852,6301.3413,2021-03-26 00:00:00+08:00
SHSE.000852,6326.6094,2021-03-29 00:00:00+08:00
SHSE.000852,6301.585,2021-03-30 00:00:00+08:00
SHSE.000852,6293.3921,2021-03-31 00:00:00+08:00
SHSE.000852,6335.7915,2021-04-01 00:00:00+08:00
SHSE.000852,6361.2515,2021-04-02 00:00:00+08:00
SHSE.000852,6421.4868,2021-04-06 00:00:00+08:00
SHSE.000852,6422.7617,2021-04-07 00:00:00+08:00
SHSE.000852,6404.1284,2021-04-08 00:00:00+08:00
SHSE.000852,6399.522,2021-04-09 00:00:00+08:00
SHSE.000852,6263.3989,2021-04-12 00:00:00+08:00
SHSE.000852,6231.1392,2021-04-13 00:00:00+08:00
SHSE.000852,6320.0674,2021-04-14 00:00:00+08:00
SHSE.000852,6296.6084,2021-04-15 00:00:00+08:00
SHSE.000852,6368.8462,2021-04-16 00:00:00+08:00
SHSE.000852,6477.3882,2021-04-19 00:00:00+08:00
SHSE.000852,6457.6294,2021-04-20 00:00:00+08:00
SHSE.000852,6457.7148,2021-04-21 00:00:00+08:00
SHSE.000852,6485.2114,2021-04-22 00:00:00+08:00
SHSE.000852,6453.3027,2021-04-23 00:00:00+08:00
SHSE.000852,6431.0889,2021-04-26 00:00:00+08:00
SHSE.000852,6400.9048,2021-04-27 00:00:00+08:00
SHSE.000852,6437.2466,2021-04-28 00:00:00+08:00
SHSE.000852,6405.103,2021-04-29 00:00:00+08:00
SHSE.000852,6382.1362,2021-04-30 00:00:00+08:00
SHSE.000852,6398.4375,2021-05-06 00:00:00+08:00
SHSE.000852,6320.2529,2021-05-07 00:00:00+08:00
SHSE.000852,6338.5737,2021-05-10 00:00:00+08:00
SHSE.000852,6343.8628,2021-05-11 00:00:00+08:00
SHSE.000852,6420.3374,2021-05-12 00:00:00+08:00
SHSE.000852,6375.0146,2021-05-13 00:00:00+08:00
SHSE.000852,6462.4766,2021-05-14 00:00:00+08:00
SHSE.000852,6457.2769,2021-05-17 00:00:00+08:00
SHSE.000852,6486.8213,2021-05-18 00:00:00+08:00
SHSE.000852,6488.9487,2021-05-19 00:00:00+08:00
SHSE.000852,6482.8359,2021-05-20 00:00:00+08:00
SHSE.000852,6480.374,2021-05-21 00:00:00+08:00
SHSE.000852,6537.8569,2021-05-24 00:00:00+08:00
SHSE.000852,6615.7139,2021-05-25 00:00:00+08:00
SHSE.000852,6644.751,2021-05-26 00:00:00+08:00
SHSE.000852,6705.0449,2021-05-27 00:00:00+08:00
SHSE.000852,6694.3457,2021-05-28 00:00:00+08:00
SHSE.000852,6814.3633,2021-05-31 00:00:00+08:00
SHSE.000852,6854.7334,2021-06-01 00:00:00+08:00
SHSE.000852,6759.459,2021-06-02 00:00:00+08:00
SHSE.000852,6754.0698,2021-06-03 00:00:00+08:00
SHSE.000852,6785.8037,2021-06-04 00:00:00+08:00
SHSE.000852,6861.8501,2021-06-07 00:00:00+08:00
SHSE.000852,6809.8643,2021-06-08 00:00:00+08:00
SHSE.000852,6823.4072,2021-06-09 00:00:00+08:00
SHSE.000852,6898.2061,2021-06-10 00:00:00+08:00
SHSE.000852,6852.9727,2021-06-11 00:00:00+08:00
SHSE.000852,6815.1187,2021-06-15 00:00:00+08:00
SHSE.000852,6673.2446,2021-06-16 00:00:00+08:00
SHSE.000852,6787.6685,2021-06-17 00:00:00+08:00
SHSE.000852,6863.7158,2021-06-18 00:00:00+08:00
SHSE.000852,6968.2964,2021-06-21 00:00:00+08:00
SHSE.000852,7000.252,2021-06-22 00:00:00+08:00
SHSE.000852,7046.1743,2021-06-23 00:00:00+08:00
SHSE.000852,6974.6421,2021-06-24 00:00:00+08:00
SHSE.000852,7000.4297,2021-06-25 00:00:00+08:00
SHSE.000852,7063.4707,2021-06-28 00:00:00+08:00
SHSE.000852,7004.3037,2021-06-29 00:00:00+08:00
SHSE.000852,7083.6997,2021-06-30 00:00:00+08:00
SHSE.000852,6969.5317,2021-07-01 00:00:00+08:00
SHSE.000852,6908.9316,2021-07-02 00:00:00+08:00
SHSE.000852,7006.6997,2021-07-05 00:00:00+08:00
SHSE.000852,6979.0625,2021-07-06 00:00:00+08:00
SHSE.000852,7089.6646,2021-07-07 00:00:00+08:00
SHSE.000852,7099.4106,2021-07-08 00:00:00+08:00
SHSE.000852,7142.8994,2021-07-09 00:00:00+08:00
SHSE.000852,7284.2344,2021-07-12 00:00:00+08:00
SHSE.000852,7331.7261,2021-07-13 00:00:00+08:00
SHSE.000852,7243.8164,2021-07-14 00:00:00+08:00
SHSE.000852,7241.623,2021-07-15 00:00:00+08:00
SHSE.000852,7228.3633,2021-07-16 00:00:00+08:00
SHSE.000852,7205.2676,2021-07-19 00:00:00+08:00
SHSE.000852,7253.2764,2021-07-20 00:00:00+08:00
SHSE.000852,7398.8086,2021-07-21 00:00:00+08:00
SHSE.000852,7446.481,2021-07-22 00:00:00+08:00
SHSE.000852,7379.7905,2021-07-23 00:00:00+08:00
SHSE.000852,7286.1475,2021-07-26 00:00:00+08:00
SHSE.000852,7093.8696,2021-07-27 00:00:00+08:00
SHSE.000852,6945.5088,2021-07-28 00:00:00+08:00
SHSE.000852,7207.4824,2021-07-29 00:00:00+08:00
SHSE.000852,7262.3828,2021-07-30 00:00:00+08:00
SHSE.000852,7402.354,2021-08-02 00:00:00+08:00
SHSE.000852,7308.9551,2021-08-03 00:00:00+08:00
SHSE.000852,7478.207,2021-08-04 00:00:00+08:00
SHSE.000852,7447.9395,2021-08-05 00:00:00+08:00
SHSE.000852,7482.1738,2021-08-06 00:00:00+08:00
SHSE.000852,7507.0825,2021-08-09 00:00:00+08:00
SHSE.000852,7549.5518,2021-08-10 00:00:00+08:00
SHSE.000852,7605.9175,2021-08-11 00:00:00+08:00
SHSE.000852,7657.5269,2021-08-12 00:00:00+08:00
SHSE.000852,7641.917,2021-08-13 00:00:00+08:00
SHSE.000852,7568.1372,2021-08-16 00:00:00+08:00
SHSE.000852,7360.0332,2021-08-17 00:00:00+08:00
SHSE.000852,7405.4858,2021-08-18 00:00:00+08:00
SHSE.000852,7468.7725,2021-08-19 00:00:00+08:00
SHSE.000852,7467.3613,2021-08-20 00:00:00+08:00
SHSE.000852,7652.5586,2021-08-23 00:00:00+08:00
SHSE.000852,7715.0732,2021-08-24 00:00:00+08:00
SHSE.000852,7769.627,2021-08-25 00:00:00+08:00
SHSE.000852,7669.5283,2021-08-26 00:00:00+08:00
SHSE.000852,7680.0781,2021-08-27 00:00:00+08:00
SHSE.000852,7727.7456,2021-08-30 00:00:00+08:00
SHSE.000852,7728.4219,2021-08-31 00:00:00+08:00
SHSE.000852,7606.874,2021-09-01 00:00:00+08:00
SHSE.000852,7690.8589,2021-09-02 00:00:00+08:00
SHSE.000852,7630.8413,2021-09-03 00:00:00+08:00
SHSE.000852,7735.0996,2021-09-06 00:00:00+08:00
SHSE.000852,7878.3486,2021-09-07 00:00:00+08:00
SHSE.000852,7894.2515,2021-09-08 00:00:00+08:00
SHSE.000852,7900.2373,2021-09-09 00:00:00+08:00
SHSE.000852,7932.6514,2021-09-10 00:00:00+08:00
SHSE.000852,7947.481,2021-09-13 00:00:00+08:00
SHSE.000852,7916.896,2021-09-14 00:00:00+08:00
SHSE.000852,7972.2324,2021-09-15 00:00:00+08:00
SHSE.000852,7754.9468,2021-09-16 00:00:00+08:00
SHSE.000852,7730.2241,2021-09-17 00:00:00+08:00
SHSE.000852,7769.0601,2021-09-22 00:00:00+08:00
SHSE.000852,7806.8018,2021-09-23 00:00:00+08:00
SHSE.000852,7695.6177,2021-09-24 00:00:00+08:00
SHSE.000852,7467.8179,2021-09-27 00:00:00+08:00
SHSE.000852,7468.7329,2021-09-28 00:00:00+08:00
SHSE.000852,7199.1792,2021-09-29 00:00:00+08:00
SHSE.000852,7405.4624,2021-09-30 00:00:00+08:00
SHSE.000852,7425.6689,2021-10-08 00:00:00+08:00
SHSE.000852,7384.8438,2021-10-11 00:00:00+08:00
SHSE.000852,7208.4731,2021-10-12 00:00:00+08:00
SHSE.000852,7289.3628,2021-10-13 00:00:00+08:00
SHSE.000852,7342.2544,2021-10-14 00:00:00+08:00
SHSE.000852,7350.4131,2021-10-15 00:00:00+08:00
SHSE.000852,7429.6255,2021-10-18 00:00:00+08:00
SHSE.000852,7504.0547,2021-10-19 00:00:00+08:00
SHSE.000852,7523.5615,2021-10-20 00:00:00+08:00
SHSE.000852,7503.5342,2021-10-21 00:00:00+08:00
SHSE.000852,7438.4805,2021-10-22 00:00:00+08:00
SHSE.000852,7532.3726,2021-10-25 00:00:00+08:00
SHSE.000852,7508.6885,2021-10-26 00:00:00+08:00
SHSE.000852,7433.5459,2021-10-27 00:00:00+08:00
SHSE.000852,7267.8506,2021-10-28 00:00:00+08:00
SHSE.000852,7385.3047,2021-10-29 00:00:00+08:00
SHSE.000852,7455.6104,2021-11-01 00:00:00+08:00
SHSE.000852,7368.6001,2021-11-02 00:00:00+08:00
SHSE.000852,7385.1992,2021-11-03 00:00:00+08:00
SHSE.000852,7483.6924,2021-11-04 00:00:00+08:00
SHSE.000852,7389.5864,2021-11-05 00:00:00+08:00
SHSE.000852,7422.9067,2021-11-08 00:00:00+08:00
SHSE.000852,7531.9585,2021-11-09 00:00:00+08:00
SHSE.000852,7535.228,2021-11-10 00:00:00+08:00
SHSE.000852,7593.7314,2021-11-11 00:00:00+08:00
SHSE.000852,7697.8081,2021-11-12 00:00:00+08:00
SHSE.000852,7676.4849,2021-11-15 00:00:00+08:00
SHSE.000852,7589.1816,2021-11-16 00:00:00+08:00
SHSE.000852,7725.0923,2021-11-17 00:00:00+08:00
SHSE.000852,7714.7964,2021-11-18 00:00:00+08:00
SHSE.000852,7803.7627,2021-11-19 00:00:00+08:00
SHSE.000852,7947.3716,2021-11-22 00:00:00+08:00
SHSE.000852,7941.5586,2021-11-23 00:00:00+08:00
SHSE.000852,7938.7739,2021-11-24 00:00:00+08:00
SHSE.000852,7925.7603,2021-11-25 00:00:00+08:00
SHSE.000852,7940.7886,2021-11-26 00:00:00+08:00
SHSE.000852,7999.833,2021-11-29 00:00:00+08:00
SHSE.000852,8054.2905,2021-11-30 00:00:00+08:00
SHSE.000852,8055.8208,2021-12-01 00:00:00+08:00
SHSE.000852,7968.2349,2021-12-02 00:00:00+08:00
SHSE.000852,8023.9634,2021-12-03 00:00:00+08:00
SHSE.000852,7906.7563,2021-12-06 00:00:00+08:00
SHSE.000852,7781.4414,2021-12-07 00:00:00+08:00
SHSE.000852,7922.5518,2021-12-08 00:00:00+08:00
SHSE.000852,7931.7563,2021-12-09 00:00:00+08:00
SHSE.000852,7949.125,2021-12-10 00:00:00+08:00
SHSE.000852,7984.8994,2021-12-13 00:00:00+08:00
SHSE.000852,7981.8276,2021-12-14 00:00:00+08:00
SHSE.000852,7955.5815,2021-12-15 00:00:00+08:00
SHSE.000852,8005.9751,2021-12-16 00:00:00+08:00
SHSE.000852,7894.1035,2021-12-17 00:00:00+08:00
SHSE.000852,7751.9507,2021-12-20 00:00:00+08:00
SHSE.000852,7849.0327,2021-12-21 00:00:00+08:00
SHSE.000852,7930.8115,2021-12-22 00:00:00+08:00
SHSE.000852,7932.6616,2021-12-23 00:00:00+08:00
SHSE.000852,7776.6064,2021-12-24 00:00:00+08:00
SHSE.000852,7776.4312,2021-12-27 00:00:00+08:00
SHSE.000852,7863.5298,2021-12-28 00:00:00+08:00
SHSE.000852,7855.4292,2021-12-29 00:00:00+08:00
SHSE.000852,7924.5273,2021-12-30 00:00:00+08:00
SHSE.000852,8010.3237,2021-12-31 00:00:00+08:00
SHSE.000852,7983.0679,2022-01-04 00:00:00+08:00
SHSE.000852,7781.6777,2022-01-05 00:00:00+08:00
SHSE.000852,7844.5166,2022-01-06 00:00:00+08:00
SHSE.000852,7682.6973,2022-01-07 00:00:00+08:00
SHSE.000852,7734.1865,2022-01-10 00:00:00+08:00
SHSE.000852,7646.6934,2022-01-11 00:00:00+08:00
SHSE.000852,7779.5239,2022-01-12 00:00:00+08:00
SHSE.000852,7644.7871,2022-01-13 00:00:00+08:00
SHSE.000852,7675.3706,2022-01-14 00:00:00+08:00
SHSE.000852,7808.0859,2022-01-17 00:00:00+08:00
SHSE.000852,7758.605,2022-01-18 00:00:00+08:00
SHSE.000852,7665.1846,2022-01-19 00:00:00+08:00
SHSE.000852,7492.6094,2022-01-20 00:00:00+08:00
SHSE.000852,7388.7441,2022-01-21 00:00:00+08:00
SHSE.000852,7425.4019,2022-01-24 00:00:00+08:00
SHSE.000852,7133.0664,2022-01-25 00:00:00+08:00
SHSE.000852,7171.0288,2022-01-26 00:00:00+08:00
SHSE.000852,6960.1094,2022-01-27 00:00:00+08:00
SHSE.000852,6973.0103,2022-01-28 00:00:00+08:00
SHSE.000852,7061.6206,2022-02-07 00:00:00+08:00
SHSE.000852,7080.6182,2022-02-08 00:00:00+08:00
SHSE.000852,7211.4297,2022-02-09 00:00:00+08:00
SHSE.000852,7175.6172,2022-02-10 00:00:00+08:00
SHSE.000852,7033.8516,2022-02-11 00:00:00+08:00
SHSE.000852,7006.0752,2022-02-14 00:00:00+08:00
SHSE.000852,7124.8491,2022-02-15 00:00:00+08:00
SHSE.000852,7183.106,2022-02-16 00:00:00+08:00
SHSE.000852,7220.6064,2022-02-17 00:00:00+08:00
SHSE.000852,7251.7925,2022-02-18 00:00:00+08:00
SHSE.000852,7334.5913,2022-02-21 00:00:00+08:00
SHSE.000852,7279.2354,2022-02-22 00:00:00+08:00
SHSE.000852,7450.3999,2022-02-23 00:00:00+08:00
SHSE.000852,7285.1172,2022-02-24 00:00:00+08:00
SHSE.000852,7361.9575,2022-02-25 00:00:00+08:00
SHSE.000852,7419.8306,2022-02-28 00:00:00+08:00
SHSE.000852,7429.4434,2022-03-01 00:00:00+08:00
SHSE.000852,7414.3086,2022-03-02 00:00:00+08:00
SHSE.000852,7342.6133,2022-03-03 00:00:00+08:00
SHSE.000852,7241.5625,2022-03-04 00:00:00+08:00
SHSE.000852,7085.7314,2022-03-07 00:00:00+08:00
SHSE.000852,6871.2202,2022-03-08 00:00:00+08:00
SHSE.000852,6796.0391,2022-03-09 00:00:00+08:00
SHSE.000852,6952.5205,2022-03-10 00:00:00+08:00
SHSE.000852,6990.7783,2022-03-11 00:00:00+08:00
SHSE.000852,6800.5947,2022-03-14 00:00:00+08:00
SHSE.000852,6473.4805,2022-03-15 00:00:00+08:00
SHSE.000852,6692.9663,2022-03-16 00:00:00+08:00
SHSE.000852,6818.5449,2022-03-17 00:00:00+08:00
SHSE.000852,6879.3657,2022-03-18 00:00:00+08:00
SHSE.000852,6954.4058,2022-03-21 00:00:00+08:00
SHSE.000852,6923.4429,2022-03-22 00:00:00+08:00
SHSE.000852,6966.9526,2022-03-23 00:00:00+08:00
SHSE.000852,6900.8066,2022-03-24 00:00:00+08:00
SHSE.000852,6819.8125,2022-03-25 00:00:00+08:00
SHSE.000852,6767.2515,2022-03-28 00:00:00+08:00
SHSE.000852,6725.6768,2022-03-29 00:00:00+08:00
SHSE.000852,6864.7485,2022-03-30 00:00:00+08:00
SHSE.000852,6772.0654,2022-03-31 00:00:00+08:00
SHSE.000852,6772.604,2022-04-01 00:00:00+08:00
SHSE.000852,6764.2881,2022-04-06 00:00:00+08:00
SHSE.000852,6623.5859,2022-04-07 00:00:00+08:00
SHSE.000852,6575.2832,2022-04-08 00:00:00+08:00
SHSE.000852,6328.0654,2022-04-11 00:00:00+08:00
SHSE.000852,6414.4185,2022-04-12 00:00:00+08:00
SHSE.000852,6286.251,2022-04-13 00:00:00+08:00
SHSE.000852,6359.7085,2022-04-14 00:00:00+08:00
SHSE.000852,6275.0723,2022-04-15 00:00:00+08:00
SHSE.000852,6326.0244,2022-04-18 00:00:00+08:00
SHSE.000852,6345.7861,2022-04-19 00:00:00+08:00
SHSE.000852,6234.2515,2022-04-20 00:00:00+08:00
SHSE.000852,5981.3843,2022-04-21 00:00:00+08:00
SHSE.000852,5891.8081,2022-04-22 00:00:00+08:00
SHSE.000852,5431.6079,2022-04-25 00:00:00+08:00
SHSE.000852,5266.5513,2022-04-26 00:00:00+08:00
SHSE.000852,5540.7173,2022-04-27 00:00:00+08:00
SHSE.000852,5493.9077,2022-04-28 00:00:00+08:00
SHSE.000852,5734.4932,2022-04-29 00:00:00+08:00
SHSE.000852,5836.9282,2022-05-05 00:00:00+08:00
SHSE.000852,5764.6919,2022-05-06 00:00:00+08:00
SHSE.000852,5840.8901,2022-05-09 00:00:00+08:00
